{
  "https://appinfo.toptal.com/grab" : {
    "transaction" : "https://appinfo.toptal.com/grab",
    "sampleCount" : 4,
    "errorCount" : 0,
    "errorPct" : 0.0,
    "meanResTime" : 1237.25,
    "minResTime" : 1177.0,
    "maxResTime" : 1385.0,
    "pct1ResTime" : 1385.0,
    "pct2ResTime" : 1385.0,
    "pct3ResTime" : 1385.0,
    "throughput" : 0.0674661404307713,
    "receivedKBytesPerSec" : 0.05191730337836698,
    "sentKBytesPerSec" : 0.12119527863515997
  },
  "https://www.toptal.com/why-0" : {
    "transaction" : "https://www.toptal.com/why-0",
    "sampleCount" : 1,
    "errorCount" : 0,
    "errorPct" : 0.0,
    "meanResTime" : 789.0,
    "minResTime" : 789.0,
    "maxResTime" : 789.0,
    "pct1ResTime" : 789.0,
    "pct2ResTime" : 789.0,
    "pct3ResTime" : 789.0,
    "throughput" : 1.2674271229404308,
    "receivedKBytesPerSec" : 153.52206115335866,
    "sentKBytesPerSec" : 0.7810024556400507
  },
  "https://www.toptal.com/why-3" : {
    "transaction" : "https://www.toptal.com/why-3",
    "sampleCount" : 1,
    "errorCount" : 0,
    "errorPct" : 0.0,
    "meanResTime" : 891.0,
    "minResTime" : 891.0,
    "maxResTime" : 891.0,
    "pct1ResTime" : 891.0,
    "pct2ResTime" : 891.0,
    "pct3ResTime" : 891.0,
    "throughput" : 1.122334455667789,
    "receivedKBytesPerSec" : 92.9038650392817,
    "sentKBytesPerSec" : 0.4680046997755331
  },
  "https://www.toptal.com/why-4" : {
    "transaction" : "https://www.toptal.com/why-4",
    "sampleCount" : 1,
    "errorCount" : 0,
    "errorPct" : 0.0,
    "meanResTime" : 680.0,
    "minResTime" : 680.0,
    "maxResTime" : 680.0,
    "pct1ResTime" : 680.0,
    "pct2ResTime" : 680.0,
    "pct3ResTime" : 680.0,
    "throughput" : 1.4705882352941175,
    "receivedKBytesPerSec" : 37.68238740808823,
    "sentKBytesPerSec" : 0.6117876838235293
  },
  "https://www.toptal.com/why-1" : {
    "transaction" : "https://www.toptal.com/why-1",
    "sampleCount" : 1,
    "errorCount" : 0,
    "errorPct" : 0.0,
    "meanResTime" : 605.0,
    "minResTime" : 605.0,
    "maxResTime" : 605.0,
    "pct1ResTime" : 605.0,
    "pct2ResTime" : 605.0,
    "pct3ResTime" : 605.0,
    "throughput" : 1.6528925619834711,
    "receivedKBytesPerSec" : 0.9055397727272727,
    "sentKBytesPerSec" : 0.8329028925619835
  },
  "https://www.toptal.com/why-2" : {
    "transaction" : "https://www.toptal.com/why-2",
    "sampleCount" : 1,
    "errorCount" : 0,
    "errorPct" : 0.0,
    "meanResTime" : 469.0,
    "minResTime" : 469.0,
    "maxResTime" : 469.0,
    "pct1ResTime" : 469.0,
    "pct2ResTime" : 469.0,
    "pct3ResTime" : 469.0,
    "throughput" : 2.1321961620469083,
    "receivedKBytesPerSec" : 0.3498134328358209,
    "sentKBytesPerSec" : 0.9182602611940299
  },
  "https://www.toptal.com/why-7" : {
    "transaction" : "https://www.toptal.com/why-7",
    "sampleCount" : 1,
    "errorCount" : 0,
    "errorPct" : 0.0,
    "meanResTime" : 157.0,
    "minResTime" : 157.0,
    "maxResTime" : 157.0,
    "pct1ResTime" : 157.0,
    "pct2ResTime" : 157.0,
    "pct3ResTime" : 157.0,
    "throughput" : 6.369426751592357,
    "receivedKBytesPerSec" : 5.853154856687898,
    "sentKBytesPerSec" : 2.643560907643312
  },
  "https://www.toptal.com/why-8" : {
    "transaction" : "https://www.toptal.com/why-8",
    "sampleCount" : 1,
    "errorCount" : 0,
    "errorPct" : 0.0,
    "meanResTime" : 1032.0,
    "minResTime" : 1032.0,
    "maxResTime" : 1032.0,
    "pct1ResTime" : 1032.0,
    "pct2ResTime" : 1032.0,
    "pct3ResTime" : 1032.0,
    "throughput" : 0.9689922480620154,
    "receivedKBytesPerSec" : 0.1939877059108527,
    "sentKBytesPerSec" : 0.42014898255813954
  },
  "https://www.toptal.com/why-5" : {
    "transaction" : "https://www.toptal.com/why-5",
    "sampleCount" : 1,
    "errorCount" : 0,
    "errorPct" : 0.0,
    "meanResTime" : 609.0,
    "minResTime" : 609.0,
    "maxResTime" : 609.0,
    "pct1ResTime" : 609.0,
    "pct2ResTime" : 609.0,
    "pct3ResTime" : 609.0,
    "throughput" : 1.6420361247947455,
    "receivedKBytesPerSec" : 0.9428879310344828,
    "sentKBytesPerSec" : 0.793757697044335
  },
  "https://www.toptal.com/why-6" : {
    "transaction" : "https://www.toptal.com/why-6",
    "sampleCount" : 1,
    "errorCount" : 0,
    "errorPct" : 0.0,
    "meanResTime" : 664.0,
    "minResTime" : 664.0,
    "maxResTime" : 664.0,
    "pct1ResTime" : 664.0,
    "pct2ResTime" : 664.0,
    "pct3ResTime" : 664.0,
    "throughput" : 1.5060240963855422,
    "receivedKBytesPerSec" : 0.7485998682228915,
    "sentKBytesPerSec" : 0.6382953689759036
  },
  "https://www.toptal.com/community-8" : {
    "transaction" : "https://www.toptal.com/community-8",
    "sampleCount" : 1,
    "errorCount" : 0,
    "errorPct" : 0.0,
    "meanResTime" : 590.0,
    "minResTime" : 590.0,
    "maxResTime" : 590.0,
    "pct1ResTime" : 590.0,
    "pct2ResTime" : 590.0,
    "pct3ResTime" : 590.0,
    "throughput" : 1.694915254237288,
    "receivedKBytesPerSec" : 2.1997484110169494,
    "sentKBytesPerSec" : 0.6918697033898306
  },
  "https://www.toptal.com/community-9" : {
    "transaction" : "https://www.toptal.com/community-9",
    "sampleCount" : 1,
    "errorCount" : 0,
    "errorPct" : 0.0,
    "meanResTime" : 603.0,
    "minResTime" : 603.0,
    "maxResTime" : 603.0,
    "pct1ResTime" : 603.0,
    "pct2ResTime" : 603.0,
    "pct3ResTime" : 603.0,
    "throughput" : 1.658374792703151,
    "receivedKBytesPerSec" : 1.2470201077943617,
    "sentKBytesPerSec" : 0.6769537728026535
  },
  "https://www.toptal.com/community-6" : {
    "transaction" : "https://www.toptal.com/community-6",
    "sampleCount" : 1,
    "errorCount" : 0,
    "errorPct" : 0.0,
    "meanResTime" : 611.0,
    "minResTime" : 611.0,
    "maxResTime" : 611.0,
    "pct1ResTime" : 611.0,
    "pct2ResTime" : 611.0,
    "pct3ResTime" : 611.0,
    "throughput" : 1.6366612111292964,
    "receivedKBytesPerSec" : 1.2562653436988545,
    "sentKBytesPerSec" : 0.6680902209492635
  },
  "https://www.toptal.com/community-7" : {
    "transaction" : "https://www.toptal.com/community-7",
    "sampleCount" : 1,
    "errorCount" : 0,
    "errorPct" : 0.0,
    "meanResTime" : 593.0,
    "minResTime" : 593.0,
    "maxResTime" : 593.0,
    "pct1ResTime" : 593.0,
    "pct2ResTime" : 593.0,
    "pct3ResTime" : 593.0,
    "throughput" : 1.6863406408094435,
    "receivedKBytesPerSec" : 2.0058231450252952,
    "sentKBytesPerSec" : 0.6883695193929174
  },
  "https://www.toptal.com/community-4" : {
    "transaction" : "https://www.toptal.com/community-4",
    "sampleCount" : 1,
    "errorCount" : 0,
    "errorPct" : 0.0,
    "meanResTime" : 818.0,
    "minResTime" : 818.0,
    "maxResTime" : 818.0,
    "pct1ResTime" : 818.0,
    "pct2ResTime" : 818.0,
    "pct3ResTime" : 818.0,
    "throughput" : 1.2224938875305624,
    "receivedKBytesPerSec" : 55.16026130806846,
    "sentKBytesPerSec" : 0.6076654187041565
  },
  "https://www.toptal.com/community-5" : {
    "transaction" : "https://www.toptal.com/community-5",
    "sampleCount" : 1,
    "errorCount" : 0,
    "errorPct" : 0.0,
    "meanResTime" : 708.0,
    "minResTime" : 708.0,
    "maxResTime" : 708.0,
    "pct1ResTime" : 708.0,
    "pct2ResTime" : 708.0,
    "pct3ResTime" : 708.0,
    "throughput" : 1.4124293785310735,
    "receivedKBytesPerSec" : 42.550814353813564,
    "sentKBytesPerSec" : 0.7089733403954802
  },
  "https://www.toptal.com/community-2" : {
    "transaction" : "https://www.toptal.com/community-2",
    "sampleCount" : 1,
    "errorCount" : 0,
    "errorPct" : 0.0,
    "meanResTime" : 274.0,
    "minResTime" : 274.0,
    "maxResTime" : 274.0,
    "pct1ResTime" : 274.0,
    "pct2ResTime" : 274.0,
    "pct3ResTime" : 274.0,
    "throughput" : 3.6496350364963503,
    "receivedKBytesPerSec" : 0.5987682481751825,
    "sentKBytesPerSec" : 1.5717666514598538
  },
  "https://www.toptal.com/community-3" : {
    "transaction" : "https://www.toptal.com/community-3",
    "sampleCount" : 1,
    "errorCount" : 0,
    "errorPct" : 0.0,
    "meanResTime" : 1114.0,
    "minResTime" : 1114.0,
    "maxResTime" : 1114.0,
    "pct1ResTime" : 1114.0,
    "pct2ResTime" : 1114.0,
    "pct3ResTime" : 1114.0,
    "throughput" : 0.8976660682226212,
    "receivedKBytesPerSec" : 187.07395926840215,
    "sentKBytesPerSec" : 0.37870287253141827
  },
  "https://www.toptal.com/api/geo_target" : {
    "transaction" : "https://www.toptal.com/api/geo_target",
    "sampleCount" : 2,
    "errorCount" : 0,
    "errorPct" : 0.0,
    "meanResTime" : 390.0,
    "minResTime" : 302.0,
    "maxResTime" : 478.0,
    "pct1ResTime" : 478.0,
    "pct2ResTime" : 478.0,
    "pct3ResTime" : 478.0,
    "throughput" : 0.03561126740500695,
    "receivedKBytesPerSec" : 0.030273054957088423,
    "sentKBytesPerSec" : 0.018205564928243295
  },
  "https://www.toptal.com/community-0" : {
    "transaction" : "https://www.toptal.com/community-0",
    "sampleCount" : 1,
    "errorCount" : 0,
    "errorPct" : 0.0,
    "meanResTime" : 1241.0,
    "minResTime" : 1241.0,
    "maxResTime" : 1241.0,
    "pct1ResTime" : 1241.0,
    "pct2ResTime" : 1241.0,
    "pct3ResTime" : 1241.0,
    "throughput" : 0.8058017727639001,
    "receivedKBytesPerSec" : 92.47677024576953,
    "sentKBytesPerSec" : 0.5012653605962932
  },
  "https://www.toptal.com/community-1" : {
    "transaction" : "https://www.toptal.com/community-1",
    "sampleCount" : 1,
    "errorCount" : 0,
    "errorPct" : 0.0,
    "meanResTime" : 615.0,
    "minResTime" : 615.0,
    "maxResTime" : 615.0,
    "pct1ResTime" : 615.0,
    "pct2ResTime" : 615.0,
    "pct3ResTime" : 615.0,
    "throughput" : 1.6260162601626016,
    "receivedKBytesPerSec" : 0.8908155487804879,
    "sentKBytesPerSec" : 0.819359756097561
  },
  "https://www.toptal.com/clients-29" : {
    "transaction" : "https://www.toptal.com/clients-29",
    "sampleCount" : 1,
    "errorCount" : 0,
    "errorPct" : 0.0,
    "meanResTime" : 169.0,
    "minResTime" : 169.0,
    "maxResTime" : 169.0,
    "pct1ResTime" : 169.0,
    "pct2ResTime" : 169.0,
    "pct3ResTime" : 169.0,
    "throughput" : 5.9171597633136095,
    "receivedKBytesPerSec" : 52.54368528106509,
    "sentKBytesPerSec" : 2.6696560650887573
  },
  "https://www.toptal.com/clients-27" : {
    "transaction" : "https://www.toptal.com/clients-27",
    "sampleCount" : 1,
    "errorCount" : 0,
    "errorPct" : 0.0,
    "meanResTime" : 157.0,
    "minResTime" : 157.0,
    "maxResTime" : 157.0,
    "pct1ResTime" : 157.0,
    "pct2ResTime" : 157.0,
    "pct3ResTime" : 157.0,
    "throughput" : 6.369426751592357,
    "receivedKBytesPerSec" : 22.118829617834393,
    "sentKBytesPerSec" : 2.8737062101910826
  },
  "https://www.toptal.com/clients-28" : {
    "transaction" : "https://www.toptal.com/clients-28",
    "sampleCount" : 1,
    "errorCount" : 0,
    "errorPct" : 0.0,
    "meanResTime" : 155.0,
    "minResTime" : 155.0,
    "maxResTime" : 155.0,
    "pct1ResTime" : 155.0,
    "pct2ResTime" : 155.0,
    "pct3ResTime" : 155.0,
    "throughput" : 6.451612903225806,
    "receivedKBytesPerSec" : 10.326360887096774,
    "sentKBytesPerSec" : 2.9485887096774195
  },
  "https://www.toptal.com/clients-25" : {
    "transaction" : "https://www.toptal.com/clients-25",
    "sampleCount" : 1,
    "errorCount" : 0,
    "errorPct" : 0.0,
    "meanResTime" : 162.0,
    "minResTime" : 162.0,
    "maxResTime" : 162.0,
    "pct1ResTime" : 162.0,
    "pct2ResTime" : 162.0,
    "pct3ResTime" : 162.0,
    "throughput" : 6.172839506172839,
    "receivedKBytesPerSec" : 44.0357349537037,
    "sentKBytesPerSec" : 2.8151523919753085
  },
  "https://www.toptal.com/clients-26" : {
    "transaction" : "https://www.toptal.com/clients-26",
    "sampleCount" : 1,
    "errorCount" : 0,
    "errorPct" : 0.0,
    "meanResTime" : 162.0,
    "minResTime" : 162.0,
    "maxResTime" : 162.0,
    "pct1ResTime" : 162.0,
    "pct2ResTime" : 162.0,
    "pct3ResTime" : 162.0,
    "throughput" : 6.172839506172839,
    "receivedKBytesPerSec" : 14.304832175925926,
    "sentKBytesPerSec" : 2.8211805555555554
  },
  "https://www.toptal.com/clients-23" : {
    "transaction" : "https://www.toptal.com/clients-23",
    "sampleCount" : 1,
    "errorCount" : 0,
    "errorPct" : 0.0,
    "meanResTime" : 158.0,
    "minResTime" : 158.0,
    "maxResTime" : 158.0,
    "pct1ResTime" : 158.0,
    "pct2ResTime" : 158.0,
    "pct3ResTime" : 158.0,
    "throughput" : 6.329113924050633,
    "receivedKBytesPerSec" : 16.088558148734176,
    "sentKBytesPerSec" : 2.861698971518987
  },
  "https://www.toptal.com/-0" : {
    "transaction" : "https://www.toptal.com/-0",
    "sampleCount" : 1,
    "errorCount" : 0,
    "errorPct" : 0.0,
    "meanResTime" : 2415.0,
    "minResTime" : 2415.0,
    "maxResTime" : 2415.0,
    "pct1ResTime" : 2415.0,
    "pct2ResTime" : 2415.0,
    "pct3ResTime" : 2415.0,
    "throughput" : 0.4140786749482402,
    "receivedKBytesPerSec" : 73.68457233436853,
    "sentKBytesPerSec" : 0.14153079710144928
  },
  "https://www.toptal.com/clients-24" : {
    "transaction" : "https://www.toptal.com/clients-24",
    "sampleCount" : 1,
    "errorCount" : 0,
    "errorPct" : 0.0,
    "meanResTime" : 174.0,
    "minResTime" : 174.0,
    "maxResTime" : 174.0,
    "pct1ResTime" : 174.0,
    "pct2ResTime" : 174.0,
    "pct3ResTime" : 174.0,
    "throughput" : 5.747126436781609,
    "receivedKBytesPerSec" : 11.034033764367816,
    "sentKBytesPerSec" : 2.598554238505747
  },
  "https://www.toptal.com/clients-21" : {
    "transaction" : "https://www.toptal.com/clients-21",
    "sampleCount" : 1,
    "errorCount" : 0,
    "errorPct" : 0.0,
    "meanResTime" : 157.0,
    "minResTime" : 157.0,
    "maxResTime" : 157.0,
    "pct1ResTime" : 157.0,
    "pct2ResTime" : 157.0,
    "pct3ResTime" : 157.0,
    "throughput" : 6.369426751592357,
    "receivedKBytesPerSec" : 25.25378184713376,
    "sentKBytesPerSec" : 2.8799263535031847
  },
  "https://www.toptal.com/clients-22" : {
    "transaction" : "https://www.toptal.com/clients-22",
    "sampleCount" : 1,
    "errorCount" : 0,
    "errorPct" : 0.0,
    "meanResTime" : 160.0,
    "minResTime" : 160.0,
    "maxResTime" : 160.0,
    "pct1ResTime" : 160.0,
    "pct2ResTime" : 160.0,
    "pct3ResTime" : 160.0,
    "throughput" : 6.25,
    "receivedKBytesPerSec" : 42.254638671875,
    "sentKBytesPerSec" : 2.84423828125
  },
  "https://www.toptal.com/-3" : {
    "transaction" : "https://www.toptal.com/-3",
    "sampleCount" : 1,
    "errorCount" : 0,
    "errorPct" : 0.0,
    "meanResTime" : 878.0,
    "minResTime" : 878.0,
    "maxResTime" : 878.0,
    "pct1ResTime" : 878.0,
    "pct2ResTime" : 878.0,
    "pct3ResTime" : 878.0,
    "throughput" : 1.1389521640091116,
    "receivedKBytesPerSec" : 18.065293992027335,
    "sentKBytesPerSec" : 0.5427818906605922
  },
  "https://www.toptal.com/-4" : {
    "transaction" : "https://www.toptal.com/-4",
    "sampleCount" : 1,
    "errorCount" : 0,
    "errorPct" : 0.0,
    "meanResTime" : 888.0,
    "minResTime" : 888.0,
    "maxResTime" : 888.0,
    "pct1ResTime" : 888.0,
    "pct2ResTime" : 888.0,
    "pct3ResTime" : 888.0,
    "throughput" : 1.1261261261261262,
    "receivedKBytesPerSec" : 17.38677153716216,
    "sentKBytesPerSec" : 0.5333702843468469
  },
  "https://www.toptal.com/clients-20" : {
    "transaction" : "https://www.toptal.com/clients-20",
    "sampleCount" : 1,
    "errorCount" : 0,
    "errorPct" : 0.0,
    "meanResTime" : 630.0,
    "minResTime" : 630.0,
    "maxResTime" : 630.0,
    "pct1ResTime" : 630.0,
    "pct2ResTime" : 630.0,
    "pct3ResTime" : 630.0,
    "throughput" : 1.5873015873015872,
    "receivedKBytesPerSec" : 19.543650793650794,
    "sentKBytesPerSec" : 0.7207961309523809
  },
  "https://www.toptal.com/-1" : {
    "transaction" : "https://www.toptal.com/-1",
    "sampleCount" : 1,
    "errorCount" : 0,
    "errorPct" : 0.0,
    "meanResTime" : 817.0,
    "minResTime" : 817.0,
    "maxResTime" : 817.0,
    "pct1ResTime" : 817.0,
    "pct2ResTime" : 817.0,
    "pct3ResTime" : 817.0,
    "throughput" : 1.2239902080783354,
    "receivedKBytesPerSec" : 1.3853561046511629,
    "sentKBytesPerSec" : 0.5199567778457773
  },
  "https://www.toptal.com/-2" : {
    "transaction" : "https://www.toptal.com/-2",
    "sampleCount" : 1,
    "errorCount" : 0,
    "errorPct" : 0.0,
    "meanResTime" : 1011.0,
    "minResTime" : 1011.0,
    "maxResTime" : 1011.0,
    "pct1ResTime" : 1011.0,
    "pct2ResTime" : 1011.0,
    "pct3ResTime" : 1011.0,
    "throughput" : 0.9891196834817012,
    "receivedKBytesPerSec" : 43.155175877843725,
    "sentKBytesPerSec" : 0.4578542284866469
  },
  "https://www.toptal.com/-7" : {
    "transaction" : "https://www.toptal.com/-7",
    "sampleCount" : 1,
    "errorCount" : 0,
    "errorPct" : 0.0,
    "meanResTime" : 648.0,
    "minResTime" : 648.0,
    "maxResTime" : 648.0,
    "pct1ResTime" : 648.0,
    "pct2ResTime" : 648.0,
    "pct3ResTime" : 648.0,
    "throughput" : 1.5432098765432098,
    "receivedKBytesPerSec" : 25.23389274691358,
    "sentKBytesPerSec" : 0.7294077932098765
  },
  "https://www.toptal.com/-8" : {
    "transaction" : "https://www.toptal.com/-8",
    "sampleCount" : 1,
    "errorCount" : 0,
    "errorPct" : 0.0,
    "meanResTime" : 777.0,
    "minResTime" : 777.0,
    "maxResTime" : 777.0,
    "pct1ResTime" : 777.0,
    "pct2ResTime" : 777.0,
    "pct3ResTime" : 777.0,
    "throughput" : 1.287001287001287,
    "receivedKBytesPerSec" : 59.0600365990991,
    "sentKBytesPerSec" : 0.6133365508365508
  },
  "Test" : {
    "transaction" : "Test",
    "sampleCount" : 1,
    "errorCount" : 0,
    "errorPct" : 0.0,
    "meanResTime" : 37148.0,
    "minResTime" : 37148.0,
    "maxResTime" : 37148.0,
    "pct1ResTime" : 37148.0,
    "pct2ResTime" : 37148.0,
    "pct3ResTime" : 37148.0,
    "throughput" : 0.026919349628512973,
    "receivedKBytesPerSec" : 179.13481210293958,
    "sentKBytesPerSec" : 2.579735954829331
  },
  "https://www.toptal.com/-5" : {
    "transaction" : "https://www.toptal.com/-5",
    "sampleCount" : 1,
    "errorCount" : 0,
    "errorPct" : 0.0,
    "meanResTime" : 1023.0,
    "minResTime" : 1023.0,
    "maxResTime" : 1023.0,
    "pct1ResTime" : 1023.0,
    "pct2ResTime" : 1023.0,
    "pct3ResTime" : 1023.0,
    "throughput" : 0.9775171065493646,
    "receivedKBytesPerSec" : 44.72427144428153,
    "sentKBytesPerSec" : 0.4582111436950147
  },
  "https://www.toptal.com/-6" : {
    "transaction" : "https://www.toptal.com/-6",
    "sampleCount" : 1,
    "errorCount" : 0,
    "errorPct" : 0.0,
    "meanResTime" : 842.0,
    "minResTime" : 842.0,
    "maxResTime" : 842.0,
    "pct1ResTime" : 842.0,
    "pct2ResTime" : 842.0,
    "pct3ResTime" : 842.0,
    "throughput" : 1.187648456057007,
    "receivedKBytesPerSec" : 15.281695368171022,
    "sentKBytesPerSec" : 0.5648289043942993
  },
  "https://www.toptal.com/-9" : {
    "transaction" : "https://www.toptal.com/-9",
    "sampleCount" : 1,
    "errorCount" : 0,
    "errorPct" : 0.0,
    "meanResTime" : 621.0,
    "minResTime" : 621.0,
    "maxResTime" : 621.0,
    "pct1ResTime" : 621.0,
    "pct2ResTime" : 621.0,
    "pct3ResTime" : 621.0,
    "throughput" : 1.6103059581320451,
    "receivedKBytesPerSec" : 10.165056360708535,
    "sentKBytesPerSec" : 0.7375327093397746
  },
  "https://www.toptal.com/api/cms/sessions" : {
    "transaction" : "https://www.toptal.com/api/cms/sessions",
    "sampleCount" : 4,
    "errorCount" : 0,
    "errorPct" : 0.0,
    "meanResTime" : 541.25,
    "minResTime" : 536.0,
    "maxResTime" : 546.0,
    "pct1ResTime" : 546.0,
    "pct2ResTime" : 546.0,
    "pct3ResTime" : 546.0,
    "throughput" : 0.07090815621066814,
    "receivedKBytesPerSec" : 0.05989800304905071,
    "sentKBytesPerSec" : 0.03867402855825991
  },
  "https://www.toptal.com/enterprise-10" : {
    "transaction" : "https://www.toptal.com/enterprise-10",
    "sampleCount" : 1,
    "errorCount" : 0,
    "errorPct" : 0.0,
    "meanResTime" : 645.0,
    "minResTime" : 645.0,
    "maxResTime" : 645.0,
    "pct1ResTime" : 645.0,
    "pct2ResTime" : 645.0,
    "pct3ResTime" : 645.0,
    "throughput" : 1.550387596899225,
    "receivedKBytesPerSec" : 4.377119670542635,
    "sentKBytesPerSec" : 0.7282582364341085
  },
  "https://www.toptal.com/blog" : {
    "transaction" : "https://www.toptal.com/blog",
    "sampleCount" : 1,
    "errorCount" : 0,
    "errorPct" : 0.0,
    "meanResTime" : 2401.0,
    "minResTime" : 2401.0,
    "maxResTime" : 2401.0,
    "pct1ResTime" : 2401.0,
    "pct2ResTime" : 2401.0,
    "pct3ResTime" : 2401.0,
    "throughput" : 0.41649312786339027,
    "receivedKBytesPerSec" : 143.58356544148273,
    "sentKBytesPerSec" : 1.5183289514785507
  },
  "https://www.toptal.com/clients-18" : {
    "transaction" : "https://www.toptal.com/clients-18",
    "sampleCount" : 1,
    "errorCount" : 0,
    "errorPct" : 0.0,
    "meanResTime" : 187.0,
    "minResTime" : 187.0,
    "maxResTime" : 187.0,
    "pct1ResTime" : 187.0,
    "pct2ResTime" : 187.0,
    "pct3ResTime" : 187.0,
    "throughput" : 5.347593582887701,
    "receivedKBytesPerSec" : 76.56354445187166,
    "sentKBytesPerSec" : 2.4440173796791442
  },
  "https://www.toptal.com/clients-19" : {
    "transaction" : "https://www.toptal.com/clients-19",
    "sampleCount" : 1,
    "errorCount" : 0,
    "errorPct" : 0.0,
    "meanResTime" : 180.0,
    "minResTime" : 180.0,
    "maxResTime" : 180.0,
    "pct1ResTime" : 180.0,
    "pct2ResTime" : 180.0,
    "pct3ResTime" : 180.0,
    "throughput" : 5.555555555555555,
    "receivedKBytesPerSec" : 35.579427083333336,
    "sentKBytesPerSec" : 2.5390625
  },
  "https://www.toptal.com/clients-16" : {
    "transaction" : "https://www.toptal.com/clients-16",
    "sampleCount" : 1,
    "errorCount" : 0,
    "errorPct" : 0.0,
    "meanResTime" : 166.0,
    "minResTime" : 166.0,
    "maxResTime" : 166.0,
    "pct1ResTime" : 166.0,
    "pct2ResTime" : 166.0,
    "pct3ResTime" : 166.0,
    "throughput" : 6.024096385542169,
    "receivedKBytesPerSec" : 11.883471385542167,
    "sentKBytesPerSec" : 2.753200301204819
  },
  "https://www.toptal.com/clients-17" : {
    "transaction" : "https://www.toptal.com/clients-17",
    "sampleCount" : 1,
    "errorCount" : 0,
    "errorPct" : 0.0,
    "meanResTime" : 258.0,
    "minResTime" : 258.0,
    "maxResTime" : 258.0,
    "pct1ResTime" : 258.0,
    "pct2ResTime" : 258.0,
    "pct3ResTime" : 258.0,
    "throughput" : 3.875968992248062,
    "receivedKBytesPerSec" : 27.85095687984496,
    "sentKBytesPerSec" : 1.7600835755813953
  },
  "https://www.toptal.com/clients-14" : {
    "transaction" : "https://www.toptal.com/clients-14",
    "sampleCount" : 1,
    "errorCount" : 0,
    "errorPct" : 0.0,
    "meanResTime" : 164.0,
    "minResTime" : 164.0,
    "maxResTime" : 164.0,
    "pct1ResTime" : 164.0,
    "pct2ResTime" : 164.0,
    "pct3ResTime" : 164.0,
    "throughput" : 6.097560975609756,
    "receivedKBytesPerSec" : 41.438405106707314,
    "sentKBytesPerSec" : 2.751048018292683
  },
  "https://www.toptal.com/clients-15" : {
    "transaction" : "https://www.toptal.com/clients-15",
    "sampleCount" : 1,
    "errorCount" : 0,
    "errorPct" : 0.0,
    "meanResTime" : 177.0,
    "minResTime" : 177.0,
    "maxResTime" : 177.0,
    "pct1ResTime" : 177.0,
    "pct2ResTime" : 177.0,
    "pct3ResTime" : 177.0,
    "throughput" : 5.649717514124294,
    "receivedKBytesPerSec" : 55.28888594632769,
    "sentKBytesPerSec" : 2.5710628531073447
  },
  "https://www.toptal.com/clients-12" : {
    "transaction" : "https://www.toptal.com/clients-12",
    "sampleCount" : 1,
    "errorCount" : 0,
    "errorPct" : 0.0,
    "meanResTime" : 623.0,
    "minResTime" : 623.0,
    "maxResTime" : 623.0,
    "pct1ResTime" : 623.0,
    "pct2ResTime" : 623.0,
    "pct3ResTime" : 623.0,
    "throughput" : 1.6051364365971108,
    "receivedKBytesPerSec" : 6.287306882022472,
    "sentKBytesPerSec" : 0.7524077046548957
  },
  "https://www.toptal.com/clients-13" : {
    "transaction" : "https://www.toptal.com/clients-13",
    "sampleCount" : 1,
    "errorCount" : 0,
    "errorPct" : 0.0,
    "meanResTime" : 156.0,
    "minResTime" : 156.0,
    "maxResTime" : 156.0,
    "pct1ResTime" : 156.0,
    "pct2ResTime" : 156.0,
    "pct3ResTime" : 156.0,
    "throughput" : 6.41025641025641,
    "receivedKBytesPerSec" : 17.246344150641026,
    "sentKBytesPerSec" : 2.99228766025641
  },
  "https://www.toptal.com/clients-10" : {
    "transaction" : "https://www.toptal.com/clients-10",
    "sampleCount" : 1,
    "errorCount" : 0,
    "errorPct" : 0.0,
    "meanResTime" : 618.0,
    "minResTime" : 618.0,
    "maxResTime" : 618.0,
    "pct1ResTime" : 618.0,
    "pct2ResTime" : 618.0,
    "pct3ResTime" : 618.0,
    "throughput" : 1.6181229773462784,
    "receivedKBytesPerSec" : 9.752983414239482,
    "sentKBytesPerSec" : 0.752174352750809
  },
  "https://www.toptal.com/clients-11" : {
    "transaction" : "https://www.toptal.com/clients-11",
    "sampleCount" : 1,
    "errorCount" : 0,
    "errorPct" : 0.0,
    "meanResTime" : 630.0,
    "minResTime" : 630.0,
    "maxResTime" : 630.0,
    "pct1ResTime" : 630.0,
    "pct2ResTime" : 630.0,
    "pct3ResTime" : 630.0,
    "throughput" : 1.5873015873015872,
    "receivedKBytesPerSec" : 6.6452752976190474,
    "sentKBytesPerSec" : 0.7378472222222222
  },
  "https://www.toptal.com/clients-49" : {
    "transaction" : "https://www.toptal.com/clients-49",
    "sampleCount" : 1,
    "errorCount" : 0,
    "errorPct" : 0.0,
    "meanResTime" : 171.0,
    "minResTime" : 171.0,
    "maxResTime" : 171.0,
    "pct1ResTime" : 171.0,
    "pct2ResTime" : 171.0,
    "pct3ResTime" : 171.0,
    "throughput" : 5.847953216374268,
    "receivedKBytesPerSec" : 5.379660087719298,
    "sentKBytesPerSec" : 2.427129020467836
  },
  "https://www.toptal.com/clients-47" : {
    "transaction" : "https://www.toptal.com/clients-47",
    "sampleCount" : 1,
    "errorCount" : 0,
    "errorPct" : 0.0,
    "meanResTime" : 585.0,
    "minResTime" : 585.0,
    "maxResTime" : 585.0,
    "pct1ResTime" : 585.0,
    "pct2ResTime" : 585.0,
    "pct3ResTime" : 585.0,
    "throughput" : 1.7094017094017093,
    "receivedKBytesPerSec" : 6.830929487179487,
    "sentKBytesPerSec" : 0.6894364316239316
  },
  "https://www.toptal.com/clients-48" : {
    "transaction" : "https://www.toptal.com/clients-48",
    "sampleCount" : 1,
    "errorCount" : 0,
    "errorPct" : 0.0,
    "meanResTime" : 558.0,
    "minResTime" : 558.0,
    "maxResTime" : 558.0,
    "pct1ResTime" : 558.0,
    "pct2ResTime" : 558.0,
    "pct3ResTime" : 558.0,
    "throughput" : 1.7921146953405018,
    "receivedKBytesPerSec" : 0.8908070116487454,
    "sentKBytesPerSec" : 0.759548611111111
  },
  "https://www.toptal.com/clients-45" : {
    "transaction" : "https://www.toptal.com/clients-45",
    "sampleCount" : 1,
    "errorCount" : 0,
    "errorPct" : 0.0,
    "meanResTime" : 346.0,
    "minResTime" : 346.0,
    "maxResTime" : 346.0,
    "pct1ResTime" : 346.0,
    "pct2ResTime" : 346.0,
    "pct3ResTime" : 346.0,
    "throughput" : 2.890173410404624,
    "receivedKBytesPerSec" : 113.52962427745666,
    "sentKBytesPerSec" : 1.4366194002890174
  },
  "https://www.toptal.com/clients-46" : {
    "transaction" : "https://www.toptal.com/clients-46",
    "sampleCount" : 1,
    "errorCount" : 0,
    "errorPct" : 0.0,
    "meanResTime" : 622.0,
    "minResTime" : 622.0,
    "maxResTime" : 622.0,
    "pct1ResTime" : 622.0,
    "pct2ResTime" : 622.0,
    "pct3ResTime" : 622.0,
    "throughput" : 1.607717041800643,
    "receivedKBytesPerSec" : 0.923181270096463,
    "sentKBytesPerSec" : 0.698666097266881
  },
  "https://www.toptal.com/clients-43" : {
    "transaction" : "https://www.toptal.com/clients-43",
    "sampleCount" : 1,
    "errorCount" : 0,
    "errorPct" : 0.0,
    "meanResTime" : 164.0,
    "minResTime" : 164.0,
    "maxResTime" : 164.0,
    "pct1ResTime" : 164.0,
    "pct2ResTime" : 164.0,
    "pct3ResTime" : 164.0,
    "throughput" : 6.097560975609756,
    "receivedKBytesPerSec" : 43.18311737804878,
    "sentKBytesPerSec" : 2.7570026676829267
  },
  "https://www.toptal.com/clients-44" : {
    "transaction" : "https://www.toptal.com/clients-44",
    "sampleCount" : 1,
    "errorCount" : 0,
    "errorPct" : 0.0,
    "meanResTime" : 163.0,
    "minResTime" : 163.0,
    "maxResTime" : 163.0,
    "pct1ResTime" : 163.0,
    "pct2ResTime" : 163.0,
    "pct3ResTime" : 163.0,
    "throughput" : 6.134969325153374,
    "receivedKBytesPerSec" : 17.79979869631902,
    "sentKBytesPerSec" : 2.8158550613496933
  },
  "https://www.toptal.com/clients-41" : {
    "transaction" : "https://www.toptal.com/clients-41",
    "sampleCount" : 1,
    "errorCount" : 0,
    "errorPct" : 0.0,
    "meanResTime" : 163.0,
    "minResTime" : 163.0,
    "maxResTime" : 163.0,
    "pct1ResTime" : 163.0,
    "pct2ResTime" : 163.0,
    "pct3ResTime" : 163.0,
    "throughput" : 6.134969325153374,
    "receivedKBytesPerSec" : 27.547450153374232,
    "sentKBytesPerSec" : 2.7679256134969323
  },
  "https://www.toptal.com/clients-42" : {
    "transaction" : "https://www.toptal.com/clients-42",
    "sampleCount" : 1,
    "errorCount" : 0,
    "errorPct" : 0.0,
    "meanResTime" : 168.0,
    "minResTime" : 168.0,
    "maxResTime" : 168.0,
    "pct1ResTime" : 168.0,
    "pct2ResTime" : 168.0,
    "pct3ResTime" : 168.0,
    "throughput" : 5.952380952380952,
    "receivedKBytesPerSec" : 25.082542782738095,
    "sentKBytesPerSec" : 2.7204241071428568
  },
  "https://www.toptal.com/clients-40" : {
    "transaction" : "https://www.toptal.com/clients-40",
    "sampleCount" : 1,
    "errorCount" : 0,
    "errorPct" : 0.0,
    "meanResTime" : 161.0,
    "minResTime" : 161.0,
    "maxResTime" : 161.0,
    "pct1ResTime" : 161.0,
    "pct2ResTime" : 161.0,
    "pct3ResTime" : 161.0,
    "throughput" : 6.211180124223602,
    "receivedKBytesPerSec" : 51.39387616459627,
    "sentKBytesPerSec" : 2.826572204968944
  },
  "https://www.toptal.com/clients-9" : {
    "transaction" : "https://www.toptal.com/clients-9",
    "sampleCount" : 1,
    "errorCount" : 0,
    "errorPct" : 0.0,
    "meanResTime" : 642.0,
    "minResTime" : 642.0,
    "maxResTime" : 642.0,
    "pct1ResTime" : 642.0,
    "pct2ResTime" : 642.0,
    "pct3ResTime" : 642.0,
    "throughput" : 1.557632398753894,
    "receivedKBytesPerSec" : 11.218299746884735,
    "sentKBytesPerSec" : 0.7194923091900312
  },
  "https://www.toptal.com/clients-6" : {
    "transaction" : "https://www.toptal.com/clients-6",
    "sampleCount" : 1,
    "errorCount" : 0,
    "errorPct" : 0.0,
    "meanResTime" : 674.0,
    "minResTime" : 674.0,
    "maxResTime" : 674.0,
    "pct1ResTime" : 674.0,
    "pct2ResTime" : 674.0,
    "pct3ResTime" : 674.0,
    "throughput" : 1.483679525222552,
    "receivedKBytesPerSec" : 9.57147162462908,
    "sentKBytesPerSec" : 0.6954747774480712
  },
  "https://www.toptal.com/clients-5" : {
    "transaction" : "https://www.toptal.com/clients-5",
    "sampleCount" : 1,
    "errorCount" : 0,
    "errorPct" : 0.0,
    "meanResTime" : 674.0,
    "minResTime" : 674.0,
    "maxResTime" : 674.0,
    "pct1ResTime" : 674.0,
    "pct2ResTime" : 674.0,
    "pct3ResTime" : 674.0,
    "throughput" : 1.483679525222552,
    "receivedKBytesPerSec" : 7.358992488872403,
    "sentKBytesPerSec" : 0.6969236832344213
  },
  "https://www.toptal.com/clients-8" : {
    "transaction" : "https://www.toptal.com/clients-8",
    "sampleCount" : 1,
    "errorCount" : 0,
    "errorPct" : 0.0,
    "meanResTime" : 652.0,
    "minResTime" : 652.0,
    "maxResTime" : 652.0,
    "pct1ResTime" : 652.0,
    "pct2ResTime" : 652.0,
    "pct3ResTime" : 652.0,
    "throughput" : 1.5337423312883436,
    "receivedKBytesPerSec" : 5.167393596625766,
    "sentKBytesPerSec" : 0.7069593558282208
  },
  "https://www.toptal.com/clients-7" : {
    "transaction" : "https://www.toptal.com/clients-7",
    "sampleCount" : 1,
    "errorCount" : 0,
    "errorPct" : 0.0,
    "meanResTime" : 750.0,
    "minResTime" : 750.0,
    "maxResTime" : 750.0,
    "pct1ResTime" : 750.0,
    "pct2ResTime" : 750.0,
    "pct3ResTime" : 750.0,
    "throughput" : 1.3333333333333333,
    "receivedKBytesPerSec" : 16.153645833333332,
    "sentKBytesPerSec" : 0.6158854166666666
  },
  "https://www.toptal.com/clients-2" : {
    "transaction" : "https://www.toptal.com/clients-2",
    "sampleCount" : 1,
    "errorCount" : 0,
    "errorPct" : 0.0,
    "meanResTime" : 486.0,
    "minResTime" : 486.0,
    "maxResTime" : 486.0,
    "pct1ResTime" : 486.0,
    "pct2ResTime" : 486.0,
    "pct3ResTime" : 486.0,
    "throughput" : 2.05761316872428,
    "receivedKBytesPerSec" : 0.3375771604938272,
    "sentKBytesPerSec" : 0.8861400462962963
  },
  "https://www.toptal.com/clients-1" : {
    "transaction" : "https://www.toptal.com/clients-1",
    "sampleCount" : 1,
    "errorCount" : 0,
    "errorPct" : 0.0,
    "meanResTime" : 634.0,
    "minResTime" : 634.0,
    "maxResTime" : 634.0,
    "pct1ResTime" : 634.0,
    "pct2ResTime" : 634.0,
    "pct3ResTime" : 634.0,
    "throughput" : 1.5772870662460567,
    "receivedKBytesPerSec" : 0.8641191837539433,
    "sentKBytesPerSec" : 0.7948048107255521
  },
  "https://www.toptal.com/clients-4" : {
    "transaction" : "https://www.toptal.com/clients-4",
    "sampleCount" : 1,
    "errorCount" : 0,
    "errorPct" : 0.0,
    "meanResTime" : 684.0,
    "minResTime" : 684.0,
    "maxResTime" : 684.0,
    "pct1ResTime" : 684.0,
    "pct2ResTime" : 684.0,
    "pct3ResTime" : 684.0,
    "throughput" : 1.461988304093567,
    "receivedKBytesPerSec" : 25.472005208333332,
    "sentKBytesPerSec" : 0.6139208698830408
  },
  "https://www.toptal.com/clients-3" : {
    "transaction" : "https://www.toptal.com/clients-3",
    "sampleCount" : 1,
    "errorCount" : 0,
    "errorPct" : 0.0,
    "meanResTime" : 646.0,
    "minResTime" : 646.0,
    "maxResTime" : 646.0,
    "pct1ResTime" : 646.0,
    "pct2ResTime" : 646.0,
    "pct3ResTime" : 646.0,
    "throughput" : 1.5479876160990713,
    "receivedKBytesPerSec" : 0.8888835139318885,
    "sentKBytesPerSec" : 0.7739938080495355
  },
  "https://www.toptal.com/clients-0" : {
    "transaction" : "https://www.toptal.com/clients-0",
    "sampleCount" : 1,
    "errorCount" : 0,
    "errorPct" : 0.0,
    "meanResTime" : 817.0,
    "minResTime" : 817.0,
    "maxResTime" : 817.0,
    "pct1ResTime" : 817.0,
    "pct2ResTime" : 817.0,
    "pct3ResTime" : 817.0,
    "throughput" : 1.2239902080783354,
    "receivedKBytesPerSec" : 157.90788517441862,
    "sentKBytesPerSec" : 0.7590173653610771
  },
  "https://www.toptal.com/clients-38" : {
    "transaction" : "https://www.toptal.com/clients-38",
    "sampleCount" : 1,
    "errorCount" : 0,
    "errorPct" : 0.0,
    "meanResTime" : 173.0,
    "minResTime" : 173.0,
    "maxResTime" : 173.0,
    "pct1ResTime" : 173.0,
    "pct2ResTime" : 173.0,
    "pct3ResTime" : 173.0,
    "throughput" : 5.780346820809248,
    "receivedKBytesPerSec" : 76.43718388728324,
    "sentKBytesPerSec" : 2.630509393063584
  },
  "https://www.toptal.com/clients-39" : {
    "transaction" : "https://www.toptal.com/clients-39",
    "sampleCount" : 1,
    "errorCount" : 0,
    "errorPct" : 0.0,
    "meanResTime" : 173.0,
    "minResTime" : 173.0,
    "maxResTime" : 173.0,
    "pct1ResTime" : 173.0,
    "pct2ResTime" : 173.0,
    "pct3ResTime" : 173.0,
    "throughput" : 5.780346820809248,
    "receivedKBytesPerSec" : 44.492864884393065,
    "sentKBytesPerSec" : 2.6474440028901736
  },
  "https://www.toptal.com/clients-36" : {
    "transaction" : "https://www.toptal.com/clients-36",
    "sampleCount" : 1,
    "errorCount" : 0,
    "errorPct" : 0.0,
    "meanResTime" : 158.0,
    "minResTime" : 158.0,
    "maxResTime" : 158.0,
    "pct1ResTime" : 158.0,
    "pct2ResTime" : 158.0,
    "pct3ResTime" : 158.0,
    "throughput" : 6.329113924050633,
    "receivedKBytesPerSec" : 23.085195806962027,
    "sentKBytesPerSec" : 2.867879746835443
  },
  "https://www.toptal.com/clients-37" : {
    "transaction" : "https://www.toptal.com/clients-37",
    "sampleCount" : 1,
    "errorCount" : 0,
    "errorPct" : 0.0,
    "meanResTime" : 194.0,
    "minResTime" : 194.0,
    "maxResTime" : 194.0,
    "pct1ResTime" : 194.0,
    "pct2ResTime" : 194.0,
    "pct3ResTime" : 194.0,
    "throughput" : 5.154639175257732,
    "receivedKBytesPerSec" : 110.7945393041237,
    "sentKBytesPerSec" : 2.370932667525773
  },
  "https://www.toptal.com/about-10" : {
    "transaction" : "https://www.toptal.com/about-10",
    "sampleCount" : 1,
    "errorCount" : 0,
    "errorPct" : 0.0,
    "meanResTime" : 1337.0,
    "minResTime" : 1337.0,
    "maxResTime" : 1337.0,
    "pct1ResTime" : 1337.0,
    "pct2ResTime" : 1337.0,
    "pct3ResTime" : 1337.0,
    "throughput" : 0.7479431563201197,
    "receivedKBytesPerSec" : 139.88436097606584,
    "sentKBytesPerSec" : 0.3447550486163052
  },
  "https://www.toptal.com/clients-34" : {
    "transaction" : "https://www.toptal.com/clients-34",
    "sampleCount" : 1,
    "errorCount" : 0,
    "errorPct" : 0.0,
    "meanResTime" : 634.0,
    "minResTime" : 634.0,
    "maxResTime" : 634.0,
    "pct1ResTime" : 634.0,
    "pct2ResTime" : 634.0,
    "pct3ResTime" : 634.0,
    "throughput" : 1.5772870662460567,
    "receivedKBytesPerSec" : 11.66945977917981,
    "sentKBytesPerSec" : 0.7147082018927444
  },
  "https://www.toptal.com/about-11" : {
    "transaction" : "https://www.toptal.com/about-11",
    "sampleCount" : 1,
    "errorCount" : 0,
    "errorPct" : 0.0,
    "meanResTime" : 1048.0,
    "minResTime" : 1048.0,
    "maxResTime" : 1048.0,
    "pct1ResTime" : 1048.0,
    "pct2ResTime" : 1048.0,
    "pct3ResTime" : 1048.0,
    "throughput" : 0.9541984732824427,
    "receivedKBytesPerSec" : 129.0553435114504,
    "sentKBytesPerSec" : 0.43889402433206104
  },
  "https://www.toptal.com/clients-35" : {
    "transaction" : "https://www.toptal.com/clients-35",
    "sampleCount" : 1,
    "errorCount" : 0,
    "errorPct" : 0.0,
    "meanResTime" : 158.0,
    "minResTime" : 158.0,
    "maxResTime" : 158.0,
    "pct1ResTime" : 158.0,
    "pct2ResTime" : 158.0,
    "pct3ResTime" : 158.0,
    "throughput" : 6.329113924050633,
    "receivedKBytesPerSec" : 17.497774920886076,
    "sentKBytesPerSec" : 2.861698971518987
  },
  "https://www.toptal.com/about-12" : {
    "transaction" : "https://www.toptal.com/about-12",
    "sampleCount" : 1,
    "errorCount" : 0,
    "errorPct" : 0.0,
    "meanResTime" : 959.0,
    "minResTime" : 959.0,
    "maxResTime" : 959.0,
    "pct1ResTime" : 959.0,
    "pct2ResTime" : 959.0,
    "pct3ResTime" : 959.0,
    "throughput" : 1.0427528675703859,
    "receivedKBytesPerSec" : 61.86049921793535,
    "sentKBytesPerSec" : 0.479625586548488
  },
  "https://www.toptal.com/clients-32" : {
    "transaction" : "https://www.toptal.com/clients-32",
    "sampleCount" : 1,
    "errorCount" : 0,
    "errorPct" : 0.0,
    "meanResTime" : 157.0,
    "minResTime" : 157.0,
    "maxResTime" : 157.0,
    "pct1ResTime" : 157.0,
    "pct2ResTime" : 157.0,
    "pct3ResTime" : 157.0,
    "throughput" : 6.369426751592357,
    "receivedKBytesPerSec" : 18.411624203821656,
    "sentKBytesPerSec" : 2.886146496815287
  },
  "https://www.toptal.com/about-13" : {
    "transaction" : "https://www.toptal.com/about-13",
    "sampleCount" : 1,
    "errorCount" : 0,
    "errorPct" : 0.0,
    "meanResTime" : 503.0,
    "minResTime" : 503.0,
    "maxResTime" : 503.0,
    "pct1ResTime" : 503.0,
    "pct2ResTime" : 503.0,
    "pct3ResTime" : 503.0,
    "throughput" : 1.9880715705765406,
    "receivedKBytesPerSec" : 296.8381119532803,
    "sentKBytesPerSec" : 0.9066693588469185
  },
  "https://www.toptal.com/clients-33" : {
    "transaction" : "https://www.toptal.com/clients-33",
    "sampleCount" : 1,
    "errorCount" : 0,
    "errorPct" : 0.0,
    "meanResTime" : 157.0,
    "minResTime" : 157.0,
    "maxResTime" : 157.0,
    "pct1ResTime" : 157.0,
    "pct2ResTime" : 157.0,
    "pct3ResTime" : 157.0,
    "throughput" : 6.369426751592357,
    "receivedKBytesPerSec" : 21.31643113057325,
    "sentKBytesPerSec" : 3.1598328025477707
  },
  "https://www.toptal.com/about-14" : {
    "transaction" : "https://www.toptal.com/about-14",
    "sampleCount" : 1,
    "errorCount" : 0,
    "errorPct" : 0.0,
    "meanResTime" : 336.0,
    "minResTime" : 336.0,
    "maxResTime" : 336.0,
    "pct1ResTime" : 336.0,
    "pct2ResTime" : 336.0,
    "pct3ResTime" : 336.0,
    "throughput" : 2.976190476190476,
    "receivedKBytesPerSec" : 425.08951822916663,
    "sentKBytesPerSec" : 1.366024925595238
  },
  "https://www.toptal.com/clients-30" : {
    "transaction" : "https://www.toptal.com/clients-30",
    "sampleCount" : 1,
    "errorCount" : 0,
    "errorPct" : 0.0,
    "meanResTime" : 158.0,
    "minResTime" : 158.0,
    "maxResTime" : 158.0,
    "pct1ResTime" : 158.0,
    "pct2ResTime" : 158.0,
    "pct3ResTime" : 158.0,
    "throughput" : 6.329113924050633,
    "receivedKBytesPerSec" : 9.567840189873417,
    "sentKBytesPerSec" : 2.8802412974683542
  },
  "https://www.toptal.com/about-15" : {
    "transaction" : "https://www.toptal.com/about-15",
    "sampleCount" : 1,
    "errorCount" : 0,
    "errorPct" : 0.0,
    "meanResTime" : 722.0,
    "minResTime" : 722.0,
    "maxResTime" : 722.0,
    "pct1ResTime" : 722.0,
    "pct2ResTime" : 722.0,
    "pct3ResTime" : 722.0,
    "throughput" : 1.3850415512465375,
    "receivedKBytesPerSec" : 276.1034344702216,
    "sentKBytesPerSec" : 0.6384175900277008
  },
  "https://www.toptal.com/clients-31" : {
    "transaction" : "https://www.toptal.com/clients-31",
    "sampleCount" : 1,
    "errorCount" : 0,
    "errorPct" : 0.0,
    "meanResTime" : 155.0,
    "minResTime" : 155.0,
    "maxResTime" : 155.0,
    "pct1ResTime" : 155.0,
    "pct2ResTime" : 155.0,
    "pct3ResTime" : 155.0,
    "throughput" : 6.451612903225806,
    "receivedKBytesPerSec" : 28.647933467741936,
    "sentKBytesPerSec" : 2.9107862903225805
  },
  "https://www.toptal.com/about-16" : {
    "transaction" : "https://www.toptal.com/about-16",
    "sampleCount" : 1,
    "errorCount" : 0,
    "errorPct" : 0.0,
    "meanResTime" : 552.0,
    "minResTime" : 552.0,
    "maxResTime" : 552.0,
    "pct1ResTime" : 552.0,
    "pct2ResTime" : 552.0,
    "pct3ResTime" : 552.0,
    "throughput" : 1.8115942028985508,
    "receivedKBytesPerSec" : 284.75819463315213,
    "sentKBytesPerSec" : 0.8332625679347826
  },
  "https://www.toptal.com/about-17" : {
    "transaction" : "https://www.toptal.com/about-17",
    "sampleCount" : 1,
    "errorCount" : 0,
    "errorPct" : 0.0,
    "meanResTime" : 550.0,
    "minResTime" : 550.0,
    "maxResTime" : 550.0,
    "pct1ResTime" : 550.0,
    "pct2ResTime" : 550.0,
    "pct3ResTime" : 550.0,
    "throughput" : 1.8181818181818181,
    "receivedKBytesPerSec" : 329.2489346590909,
    "sentKBytesPerSec" : 0.8327414772727272
  },
  "https://www.toptal.com/about-18" : {
    "transaction" : "https://www.toptal.com/about-18",
    "sampleCount" : 1,
    "errorCount" : 0,
    "errorPct" : 0.0,
    "meanResTime" : 177.0,
    "minResTime" : 177.0,
    "maxResTime" : 177.0,
    "pct1ResTime" : 177.0,
    "pct2ResTime" : 177.0,
    "pct3ResTime" : 177.0,
    "throughput" : 5.649717514124294,
    "receivedKBytesPerSec" : 23.90095338983051,
    "sentKBytesPerSec" : 2.670374293785311
  },
  "https://www.toptal.com/about-19" : {
    "transaction" : "https://www.toptal.com/about-19",
    "sampleCount" : 1,
    "errorCount" : 0,
    "errorPct" : 0.0,
    "meanResTime" : 174.0,
    "minResTime" : 174.0,
    "maxResTime" : 174.0,
    "pct1ResTime" : 174.0,
    "pct2ResTime" : 174.0,
    "pct3ResTime" : 174.0,
    "throughput" : 5.747126436781609,
    "receivedKBytesPerSec" : 10.579427083333334,
    "sentKBytesPerSec" : 2.761314655172414
  },
  "https://www.toptal.com/enterprise-40" : {
    "transaction" : "https://www.toptal.com/enterprise-40",
    "sampleCount" : 1,
    "errorCount" : 0,
    "errorPct" : 0.0,
    "meanResTime" : 521.0,
    "minResTime" : 521.0,
    "maxResTime" : 521.0,
    "pct1ResTime" : 521.0,
    "pct2ResTime" : 521.0,
    "pct3ResTime" : 521.0,
    "throughput" : 1.9193857965451055,
    "receivedKBytesPerSec" : 184.89270933301344,
    "sentKBytesPerSec" : 0.9390744961612284
  },
  "https://www.toptal.com/enterprise-41" : {
    "transaction" : "https://www.toptal.com/enterprise-41",
    "sampleCount" : 1,
    "errorCount" : 0,
    "errorPct" : 0.0,
    "meanResTime" : 164.0,
    "minResTime" : 164.0,
    "maxResTime" : 164.0,
    "pct1ResTime" : 164.0,
    "pct2ResTime" : 164.0,
    "pct3ResTime" : 164.0,
    "throughput" : 6.097560975609756,
    "receivedKBytesPerSec" : 46.74399771341463,
    "sentKBytesPerSec" : 3.0130525914634143
  },
  "https://www.toptal.com/enterprise-42" : {
    "transaction" : "https://www.toptal.com/enterprise-42",
    "sampleCount" : 1,
    "errorCount" : 0,
    "errorPct" : 0.0,
    "meanResTime" : 529.0,
    "minResTime" : 529.0,
    "maxResTime" : 529.0,
    "pct1ResTime" : 529.0,
    "pct2ResTime" : 529.0,
    "pct3ResTime" : 529.0,
    "throughput" : 1.890359168241966,
    "receivedKBytesPerSec" : 188.01320297731567,
    "sentKBytesPerSec" : 0.9193348298676748
  },
  "https://www.toptal.com/enterprise-43" : {
    "transaction" : "https://www.toptal.com/enterprise-43",
    "sampleCount" : 1,
    "errorCount" : 0,
    "errorPct" : 0.0,
    "meanResTime" : 348.0,
    "minResTime" : 348.0,
    "maxResTime" : 348.0,
    "pct1ResTime" : 348.0,
    "pct2ResTime" : 348.0,
    "pct3ResTime" : 348.0,
    "throughput" : 2.8735632183908044,
    "receivedKBytesPerSec" : 19.233791307471265,
    "sentKBytesPerSec" : 1.428362966954023
  },
  "https://www.toptal.com/about-20" : {
    "transaction" : "https://www.toptal.com/about-20",
    "sampleCount" : 1,
    "errorCount" : 0,
    "errorPct" : 0.0,
    "meanResTime" : 162.0,
    "minResTime" : 162.0,
    "maxResTime" : 162.0,
    "pct1ResTime" : 162.0,
    "pct2ResTime" : 162.0,
    "pct3ResTime" : 162.0,
    "throughput" : 6.172839506172839,
    "receivedKBytesPerSec" : 12.63503086419753,
    "sentKBytesPerSec" : 2.9417438271604937
  },
  "https://www.toptal.com/about-21" : {
    "transaction" : "https://www.toptal.com/about-21",
    "sampleCount" : 1,
    "errorCount" : 0,
    "errorPct" : 0.0,
    "meanResTime" : 657.0,
    "minResTime" : 657.0,
    "maxResTime" : 657.0,
    "pct1ResTime" : 657.0,
    "pct2ResTime" : 657.0,
    "pct3ResTime" : 657.0,
    "throughput" : 1.5220700152207,
    "receivedKBytesPerSec" : 0.8740011415525114,
    "sentKBytesPerSec" : 0.6614464421613394
  },
  "https://www.toptal.com/about-22" : {
    "transaction" : "https://www.toptal.com/about-22",
    "sampleCount" : 1,
    "errorCount" : 0,
    "errorPct" : 0.0,
    "meanResTime" : 462.0,
    "minResTime" : 462.0,
    "maxResTime" : 462.0,
    "pct1ResTime" : 462.0,
    "pct2ResTime" : 462.0,
    "pct3ResTime" : 462.0,
    "throughput" : 2.1645021645021645,
    "receivedKBytesPerSec" : 1.0759097673160172,
    "sentKBytesPerSec" : 0.9173768939393939
  },
  "https://www.toptal.com/about-23" : {
    "transaction" : "https://www.toptal.com/about-23",
    "sampleCount" : 1,
    "errorCount" : 0,
    "errorPct" : 0.0,
    "meanResTime" : 269.0,
    "minResTime" : 269.0,
    "maxResTime" : 269.0,
    "pct1ResTime" : 269.0,
    "pct2ResTime" : 269.0,
    "pct3ResTime" : 269.0,
    "throughput" : 3.717472118959108,
    "receivedKBytesPerSec" : 3.4197839219330852,
    "sentKBytesPerSec" : 1.5428961431226764
  },
  "https://www.toptal.com/about-24" : {
    "transaction" : "https://www.toptal.com/about-24",
    "sampleCount" : 1,
    "errorCount" : 0,
    "errorPct" : 0.0,
    "meanResTime" : 1071.0,
    "minResTime" : 1071.0,
    "maxResTime" : 1071.0,
    "pct1ResTime" : 1071.0,
    "pct2ResTime" : 1071.0,
    "pct3ResTime" : 1071.0,
    "throughput" : 0.9337068160597572,
    "receivedKBytesPerSec" : 0.18692372782446312,
    "sentKBytesPerSec" : 0.40484943977591037
  },
  "https://www.toptal.com/why" : {
    "transaction" : "https://www.toptal.com/why",
    "sampleCount" : 1,
    "errorCount" : 0,
    "errorPct" : 0.0,
    "meanResTime" : 2462.0,
    "minResTime" : 2462.0,
    "maxResTime" : 2462.0,
    "pct1ResTime" : 2462.0,
    "pct2ResTime" : 2462.0,
    "pct3ResTime" : 2462.0,
    "throughput" : 0.4061738424045491,
    "receivedKBytesPerSec" : 94.40804922319252,
    "sentKBytesPerSec" : 1.681416912063363
  },
  "https://www.toptal.com/clients" : {
    "transaction" : "https://www.toptal.com/clients",
    "sampleCount" : 1,
    "errorCount" : 0,
    "errorPct" : 0.0,
    "meanResTime" : 4452.0,
    "minResTime" : 4452.0,
    "maxResTime" : 4452.0,
    "pct1ResTime" : 4452.0,
    "pct2ResTime" : 4452.0,
    "pct3ResTime" : 4452.0,
    "throughput" : 0.22461814914645103,
    "receivedKBytesPerSec" : 98.1245700668239,
    "sentKBytesPerSec" : 5.256371785152741
  },
  "https://www.toptal.com/enterprise-37" : {
    "transaction" : "https://www.toptal.com/enterprise-37",
    "sampleCount" : 1,
    "errorCount" : 0,
    "errorPct" : 0.0,
    "meanResTime" : 167.0,
    "minResTime" : 167.0,
    "maxResTime" : 167.0,
    "pct1ResTime" : 167.0,
    "pct2ResTime" : 167.0,
    "pct3ResTime" : 167.0,
    "throughput" : 5.9880239520958085,
    "receivedKBytesPerSec" : 16.244854041916167,
    "sentKBytesPerSec" : 2.9589258982035926
  },
  "https://www.toptal.com/enterprise-38" : {
    "transaction" : "https://www.toptal.com/enterprise-38",
    "sampleCount" : 1,
    "errorCount" : 0,
    "errorPct" : 0.0,
    "meanResTime" : 672.0,
    "minResTime" : 672.0,
    "maxResTime" : 672.0,
    "pct1ResTime" : 672.0,
    "pct2ResTime" : 672.0,
    "pct3ResTime" : 672.0,
    "throughput" : 1.488095238095238,
    "receivedKBytesPerSec" : 160.57477678571428,
    "sentKBytesPerSec" : 0.732421875
  },
  "https://www.toptal.com/enterprise-39" : {
    "transaction" : "https://www.toptal.com/enterprise-39",
    "sampleCount" : 1,
    "errorCount" : 0,
    "errorPct" : 0.0,
    "meanResTime" : 170.0,
    "minResTime" : 170.0,
    "maxResTime" : 170.0,
    "pct1ResTime" : 170.0,
    "pct2ResTime" : 170.0,
    "pct3ResTime" : 170.0,
    "throughput" : 5.88235294117647,
    "receivedKBytesPerSec" : 17.957261029411764,
    "sentKBytesPerSec" : 2.9181985294117645
  },
  "https://www.toptal.com/enterprise-33" : {
    "transaction" : "https://www.toptal.com/enterprise-33",
    "sampleCount" : 1,
    "errorCount" : 0,
    "errorPct" : 0.0,
    "meanResTime" : 160.0,
    "minResTime" : 160.0,
    "maxResTime" : 160.0,
    "pct1ResTime" : 160.0,
    "pct2ResTime" : 160.0,
    "pct3ResTime" : 160.0,
    "throughput" : 6.25,
    "receivedKBytesPerSec" : 19.9462890625,
    "sentKBytesPerSec" : 3.08837890625
  },
  "https://www.toptal.com/enterprise-34" : {
    "transaction" : "https://www.toptal.com/enterprise-34",
    "sampleCount" : 1,
    "errorCount" : 0,
    "errorPct" : 0.0,
    "meanResTime" : 341.0,
    "minResTime" : 341.0,
    "maxResTime" : 341.0,
    "pct1ResTime" : 341.0,
    "pct2ResTime" : 341.0,
    "pct3ResTime" : 341.0,
    "throughput" : 2.932551319648094,
    "receivedKBytesPerSec" : 264.34487261730203,
    "sentKBytesPerSec" : 1.4519565615835777
  },
  "https://www.toptal.com/community" : {
    "transaction" : "https://www.toptal.com/community",
    "sampleCount" : 1,
    "errorCount" : 0,
    "errorPct" : 0.0,
    "meanResTime" : 3566.0,
    "minResTime" : 3566.0,
    "maxResTime" : 3566.0,
    "pct1ResTime" : 3566.0,
    "pct2ResTime" : 3566.0,
    "pct3ResTime" : 3566.0,
    "throughput" : 0.28042624789680315,
    "receivedKBytesPerSec" : 149.49868331113294,
    "sentKBytesPerSec" : 1.885209268087493
  },
  "https://www.toptal.com/enterprise-35" : {
    "transaction" : "https://www.toptal.com/enterprise-35",
    "sampleCount" : 1,
    "errorCount" : 0,
    "errorPct" : 0.0,
    "meanResTime" : 173.0,
    "minResTime" : 173.0,
    "maxResTime" : 173.0,
    "pct1ResTime" : 173.0,
    "pct2ResTime" : 173.0,
    "pct3ResTime" : 173.0,
    "throughput" : 5.780346820809248,
    "receivedKBytesPerSec" : 20.095736994219656,
    "sentKBytesPerSec" : 2.9240426300578037
  },
  "https://www.toptal.com/enterprise-36" : {
    "transaction" : "https://www.toptal.com/enterprise-36",
    "sampleCount" : 1,
    "errorCount" : 0,
    "errorPct" : 0.0,
    "meanResTime" : 216.0,
    "minResTime" : 216.0,
    "maxResTime" : 216.0,
    "pct1ResTime" : 216.0,
    "pct2ResTime" : 216.0,
    "pct3ResTime" : 216.0,
    "throughput" : 4.62962962962963,
    "receivedKBytesPerSec" : 425.62301070601853,
    "sentKBytesPerSec" : 2.269603587962963
  },
  "https://www.toptal.com/enterprise-51" : {
    "transaction" : "https://www.toptal.com/enterprise-51",
    "sampleCount" : 1,
    "errorCount" : 0,
    "errorPct" : 0.0,
    "meanResTime" : 545.0,
    "minResTime" : 545.0,
    "maxResTime" : 545.0,
    "pct1ResTime" : 545.0,
    "pct2ResTime" : 545.0,
    "pct3ResTime" : 545.0,
    "throughput" : 1.834862385321101,
    "receivedKBytesPerSec" : 0.9120556192660549,
    "sentKBytesPerSec" : 0.7776662844036697
  },
  "https://www.toptal.com/enterprise-52" : {
    "transaction" : "https://www.toptal.com/enterprise-52",
    "sampleCount" : 1,
    "errorCount" : 0,
    "errorPct" : 0.0,
    "meanResTime" : 133.0,
    "minResTime" : 133.0,
    "maxResTime" : 133.0,
    "pct1ResTime" : 133.0,
    "pct2ResTime" : 133.0,
    "pct3ResTime" : 133.0,
    "throughput" : 7.518796992481203,
    "receivedKBytesPerSec" : 6.916705827067669,
    "sentKBytesPerSec" : 3.1205944548872178
  },
  "https://www.toptal.com/enterprise-53" : {
    "transaction" : "https://www.toptal.com/enterprise-53",
    "sampleCount" : 1,
    "errorCount" : 0,
    "errorPct" : 0.0,
    "meanResTime" : 1025.0,
    "minResTime" : 1025.0,
    "maxResTime" : 1025.0,
    "pct1ResTime" : 1025.0,
    "pct2ResTime" : 1025.0,
    "pct3ResTime" : 1025.0,
    "throughput" : 0.975609756097561,
    "receivedKBytesPerSec" : 3.42797256097561,
    "sentKBytesPerSec" : 0.3849085365853659
  },
  "https://www.toptal.com/enterprise-54" : {
    "transaction" : "https://www.toptal.com/enterprise-54",
    "sampleCount" : 1,
    "errorCount" : 0,
    "errorPct" : 0.0,
    "meanResTime" : 1046.0,
    "minResTime" : 1046.0,
    "maxResTime" : 1046.0,
    "pct1ResTime" : 1046.0,
    "pct2ResTime" : 1046.0,
    "pct3ResTime" : 1046.0,
    "throughput" : 0.9560229445506692,
    "receivedKBytesPerSec" : 0.19139131214149138,
    "sentKBytesPerSec" : 0.41452557361376674
  },
  "https://www.toptal.com/enterprise-50" : {
    "transaction" : "https://www.toptal.com/enterprise-50",
    "sampleCount" : 1,
    "errorCount" : 0,
    "errorPct" : 0.0,
    "meanResTime" : 642.0,
    "minResTime" : 642.0,
    "maxResTime" : 642.0,
    "pct1ResTime" : 642.0,
    "pct2ResTime" : 642.0,
    "pct3ResTime" : 642.0,
    "throughput" : 1.557632398753894,
    "receivedKBytesPerSec" : 34.44892669392523,
    "sentKBytesPerSec" : 0.6327881619937694
  },
  "https://www.toptal.com/clients-50" : {
    "transaction" : "https://www.toptal.com/clients-50",
    "sampleCount" : 1,
    "errorCount" : 0,
    "errorPct" : 0.0,
    "meanResTime" : 1051.0,
    "minResTime" : 1051.0,
    "maxResTime" : 1051.0,
    "pct1ResTime" : 1051.0,
    "pct2ResTime" : 1051.0,
    "pct3ResTime" : 1051.0,
    "throughput" : 0.9514747859181732,
    "receivedKBytesPerSec" : 0.19048079210275928,
    "sentKBytesPerSec" : 0.4125535204567079
  },
  "https://www.toptal.com/blog-7" : {
    "transaction" : "https://www.toptal.com/blog-7",
    "sampleCount" : 1,
    "errorCount" : 0,
    "errorPct" : 0.0,
    "meanResTime" : 1033.0,
    "minResTime" : 1033.0,
    "maxResTime" : 1033.0,
    "pct1ResTime" : 1033.0,
    "pct2ResTime" : 1033.0,
    "pct3ResTime" : 1033.0,
    "throughput" : 0.968054211035818,
    "receivedKBytesPerSec" : 0.19379991529525656,
    "sentKBytesPerSec" : 0.41974225556631173
  },
  "https://www.toptal.com/enterprise-48" : {
    "transaction" : "https://www.toptal.com/enterprise-48",
    "sampleCount" : 1,
    "errorCount" : 0,
    "errorPct" : 0.0,
    "meanResTime" : 321.0,
    "minResTime" : 321.0,
    "maxResTime" : 321.0,
    "pct1ResTime" : 321.0,
    "pct2ResTime" : 321.0,
    "pct3ResTime" : 321.0,
    "throughput" : 3.115264797507788,
    "receivedKBytesPerSec" : 320.03869742990656,
    "sentKBytesPerSec" : 1.448111370716511
  },
  "https://www.toptal.com/blog-5" : {
    "transaction" : "https://www.toptal.com/blog-5",
    "sampleCount" : 1,
    "errorCount" : 0,
    "errorPct" : 0.0,
    "meanResTime" : 364.0,
    "minResTime" : 364.0,
    "maxResTime" : 364.0,
    "pct1ResTime" : 364.0,
    "pct2ResTime" : 364.0,
    "pct3ResTime" : 364.0,
    "throughput" : 2.7472527472527473,
    "receivedKBytesPerSec" : 1.3655777815934067,
    "sentKBytesPerSec" : 1.1643629807692308
  },
  "https://www.toptal.com/enterprise-49" : {
    "transaction" : "https://www.toptal.com/enterprise-49",
    "sampleCount" : 1,
    "errorCount" : 0,
    "errorPct" : 0.0,
    "meanResTime" : 598.0,
    "minResTime" : 598.0,
    "maxResTime" : 598.0,
    "pct1ResTime" : 598.0,
    "pct2ResTime" : 598.0,
    "pct3ResTime" : 598.0,
    "throughput" : 1.6722408026755853,
    "receivedKBytesPerSec" : 0.9602320234113713,
    "sentKBytesPerSec" : 0.7267062081939799
  },
  "https://www.toptal.com/blog-6" : {
    "transaction" : "https://www.toptal.com/blog-6",
    "sampleCount" : 1,
    "errorCount" : 0,
    "errorPct" : 0.0,
    "meanResTime" : 149.0,
    "minResTime" : 149.0,
    "maxResTime" : 149.0,
    "pct1ResTime" : 149.0,
    "pct2ResTime" : 149.0,
    "pct3ResTime" : 149.0,
    "throughput" : 6.7114093959731544,
    "receivedKBytesPerSec" : 6.173972315436242,
    "sentKBytesPerSec" : 2.7854970637583896
  },
  "https://www.toptal.com/blog-3" : {
    "transaction" : "https://www.toptal.com/blog-3",
    "sampleCount" : 1,
    "errorCount" : 0,
    "errorPct" : 0.0,
    "meanResTime" : 871.0,
    "minResTime" : 871.0,
    "maxResTime" : 871.0,
    "pct1ResTime" : 871.0,
    "pct2ResTime" : 871.0,
    "pct3ResTime" : 871.0,
    "throughput" : 1.1481056257175661,
    "receivedKBytesPerSec" : 94.12447976463835,
    "sentKBytesPerSec" : 0.4843570608495982
  },
  "https://www.toptal.com/blog-4" : {
    "transaction" : "https://www.toptal.com/blog-4",
    "sampleCount" : 1,
    "errorCount" : 0,
    "errorPct" : 0.0,
    "meanResTime" : 983.0,
    "minResTime" : 983.0,
    "maxResTime" : 983.0,
    "pct1ResTime" : 983.0,
    "pct2ResTime" : 983.0,
    "pct3ResTime" : 983.0,
    "throughput" : 1.0172939979654119,
    "receivedKBytesPerSec" : 133.36485885045778,
    "sentKBytesPerSec" : 0.4122822355035605
  },
  "https://www.toptal.com/enterprise-44" : {
    "transaction" : "https://www.toptal.com/enterprise-44",
    "sampleCount" : 1,
    "errorCount" : 0,
    "errorPct" : 0.0,
    "meanResTime" : 418.0,
    "minResTime" : 418.0,
    "maxResTime" : 418.0,
    "pct1ResTime" : 418.0,
    "pct2ResTime" : 418.0,
    "pct3ResTime" : 418.0,
    "throughput" : 2.3923444976076556,
    "receivedKBytesPerSec" : 246.05403334330146,
    "sentKBytesPerSec" : 1.170473235645933
  },
  "https://www.toptal.com/blog-1" : {
    "transaction" : "https://www.toptal.com/blog-1",
    "sampleCount" : 1,
    "errorCount" : 0,
    "errorPct" : 0.0,
    "meanResTime" : 624.0,
    "minResTime" : 624.0,
    "maxResTime" : 624.0,
    "pct1ResTime" : 624.0,
    "pct2ResTime" : 624.0,
    "pct3ResTime" : 624.0,
    "throughput" : 1.6025641025641024,
    "receivedKBytesPerSec" : 9.544959435096153,
    "sentKBytesPerSec" : 0.6807767427884616
  },
  "https://www.toptal.com/enterprise-45" : {
    "transaction" : "https://www.toptal.com/enterprise-45",
    "sampleCount" : 1,
    "errorCount" : 0,
    "errorPct" : 0.0,
    "meanResTime" : 660.0,
    "minResTime" : 660.0,
    "maxResTime" : 660.0,
    "pct1ResTime" : 660.0,
    "pct2ResTime" : 660.0,
    "pct3ResTime" : 660.0,
    "throughput" : 1.5151515151515151,
    "receivedKBytesPerSec" : 5.018939393939394,
    "sentKBytesPerSec" : 0.7486979166666666
  },
  "https://www.toptal.com/blog-2" : {
    "transaction" : "https://www.toptal.com/blog-2",
    "sampleCount" : 1,
    "errorCount" : 0,
    "errorPct" : 0.0,
    "meanResTime" : 617.0,
    "minResTime" : 617.0,
    "maxResTime" : 617.0,
    "pct1ResTime" : 617.0,
    "pct2ResTime" : 617.0,
    "pct3ResTime" : 617.0,
    "throughput" : 1.6207455429497568,
    "receivedKBytesPerSec" : 0.8879279781199352,
    "sentKBytesPerSec" : 0.816703808752026
  },
  "https://www.toptal.com/enterprise-46" : {
    "transaction" : "https://www.toptal.com/enterprise-46",
    "sampleCount" : 1,
    "errorCount" : 0,
    "errorPct" : 0.0,
    "meanResTime" : 1003.0,
    "minResTime" : 1003.0,
    "maxResTime" : 1003.0,
    "pct1ResTime" : 1003.0,
    "pct2ResTime" : 1003.0,
    "pct3ResTime" : 1003.0,
    "throughput" : 0.9970089730807576,
    "receivedKBytesPerSec" : 108.09174040378865,
    "sentKBytesPerSec" : 0.4858471460618146
  },
  "https://www.toptal.com/enterprise-47" : {
    "transaction" : "https://www.toptal.com/enterprise-47",
    "sampleCount" : 1,
    "errorCount" : 0,
    "errorPct" : 0.0,
    "meanResTime" : 166.0,
    "minResTime" : 166.0,
    "maxResTime" : 166.0,
    "pct1ResTime" : 166.0,
    "pct2ResTime" : 166.0,
    "pct3ResTime" : 166.0,
    "throughput" : 6.024096385542169,
    "receivedKBytesPerSec" : 34.65032003012048,
    "sentKBytesPerSec" : 3.012048192771084
  },
  "https://www.toptal.com/blog-0" : {
    "transaction" : "https://www.toptal.com/blog-0",
    "sampleCount" : 1,
    "errorCount" : 0,
    "errorPct" : 0.0,
    "meanResTime" : 1210.0,
    "minResTime" : 1210.0,
    "maxResTime" : 1210.0,
    "pct1ResTime" : 1210.0,
    "pct2ResTime" : 1210.0,
    "pct3ResTime" : 1210.0,
    "throughput" : 0.8264462809917356,
    "receivedKBytesPerSec" : 102.10162706611571,
    "sentKBytesPerSec" : 0.5100723140495868
  },
  "https://www.toptal.com/enterprise-20" : {
    "transaction" : "https://www.toptal.com/enterprise-20",
    "sampleCount" : 1,
    "errorCount" : 0,
    "errorPct" : 0.0,
    "meanResTime" : 384.0,
    "minResTime" : 384.0,
    "maxResTime" : 384.0,
    "pct1ResTime" : 384.0,
    "pct2ResTime" : 384.0,
    "pct3ResTime" : 384.0,
    "throughput" : 2.6041666666666665,
    "receivedKBytesPerSec" : 246.24379475911456,
    "sentKBytesPerSec" : 1.2766520182291667
  },
  "https://www.toptal.com/enterprise-21" : {
    "transaction" : "https://www.toptal.com/enterprise-21",
    "sampleCount" : 1,
    "errorCount" : 0,
    "errorPct" : 0.0,
    "meanResTime" : 172.0,
    "minResTime" : 172.0,
    "maxResTime" : 172.0,
    "pct1ResTime" : 172.0,
    "pct2ResTime" : 172.0,
    "pct3ResTime" : 172.0,
    "throughput" : 5.813953488372093,
    "receivedKBytesPerSec" : 59.6214117005814,
    "sentKBytesPerSec" : 2.924009811046512
  },
  "https://www.toptal.com/enterprise" : {
    "transaction" : "https://www.toptal.com/enterprise",
    "sampleCount" : 1,
    "errorCount" : 0,
    "errorPct" : 0.0,
    "meanResTime" : 5318.0,
    "minResTime" : 5318.0,
    "maxResTime" : 5318.0,
    "pct1ResTime" : 5318.0,
    "pct2ResTime" : 5318.0,
    "pct3ResTime" : 5318.0,
    "throughput" : 0.188040616773223,
    "receivedKBytesPerSec" : 381.5768307516924,
    "sentKBytesPerSec" : 4.9854635788830395
  },
  "https://www.toptal.com/enterprise-2" : {
    "transaction" : "https://www.toptal.com/enterprise-2",
    "sampleCount" : 1,
    "errorCount" : 0,
    "errorPct" : 0.0,
    "meanResTime" : 463.0,
    "minResTime" : 463.0,
    "maxResTime" : 463.0,
    "pct1ResTime" : 463.0,
    "pct2ResTime" : 463.0,
    "pct3ResTime" : 463.0,
    "throughput" : 2.1598272138228944,
    "receivedKBytesPerSec" : 0.3543466522678186,
    "sentKBytesPerSec" : 0.9301599622030237
  },
  "https://www.toptal.com/enterprise-3" : {
    "transaction" : "https://www.toptal.com/enterprise-3",
    "sampleCount" : 1,
    "errorCount" : 0,
    "errorPct" : 0.0,
    "meanResTime" : 837.0,
    "minResTime" : 837.0,
    "maxResTime" : 837.0,
    "pct1ResTime" : 837.0,
    "pct2ResTime" : 837.0,
    "pct3ResTime" : 837.0,
    "throughput" : 1.194743130227001,
    "receivedKBytesPerSec" : 97.87676411290323,
    "sentKBytesPerSec" : 0.5051989994026285
  },
  "https://www.toptal.com/enterprise-0" : {
    "transaction" : "https://www.toptal.com/enterprise-0",
    "sampleCount" : 1,
    "errorCount" : 0,
    "errorPct" : 0.0,
    "meanResTime" : 851.0,
    "minResTime" : 851.0,
    "maxResTime" : 851.0,
    "pct1ResTime" : 851.0,
    "pct2ResTime" : 851.0,
    "pct3ResTime" : 851.0,
    "throughput" : 1.1750881316098707,
    "receivedKBytesPerSec" : 192.155598193302,
    "sentKBytesPerSec" : 0.7321349882491187
  },
  "https://www.toptal.com/enterprise-1" : {
    "transaction" : "https://www.toptal.com/enterprise-1",
    "sampleCount" : 1,
    "errorCount" : 0,
    "errorPct" : 0.0,
    "meanResTime" : 596.0,
    "minResTime" : 596.0,
    "maxResTime" : 596.0,
    "pct1ResTime" : 596.0,
    "pct2ResTime" : 596.0,
    "pct3ResTime" : 596.0,
    "throughput" : 1.6778523489932886,
    "receivedKBytesPerSec" : 0.9192140310402684,
    "sentKBytesPerSec" : 0.8454802852348994
  },
  "https://www.toptal.com/enterprise-6" : {
    "transaction" : "https://www.toptal.com/enterprise-6",
    "sampleCount" : 1,
    "errorCount" : 0,
    "errorPct" : 0.0,
    "meanResTime" : 625.0,
    "minResTime" : 625.0,
    "maxResTime" : 625.0,
    "pct1ResTime" : 625.0,
    "pct2ResTime" : 625.0,
    "pct3ResTime" : 625.0,
    "throughput" : 1.6,
    "receivedKBytesPerSec" : 3.846875,
    "sentKBytesPerSec" : 0.759375
  },
  "https://www.toptal.com/enterprise-19" : {
    "transaction" : "https://www.toptal.com/enterprise-19",
    "sampleCount" : 1,
    "errorCount" : 0,
    "errorPct" : 0.0,
    "meanResTime" : 159.0,
    "minResTime" : 159.0,
    "maxResTime" : 159.0,
    "pct1ResTime" : 159.0,
    "pct2ResTime" : 159.0,
    "pct3ResTime" : 159.0,
    "throughput" : 6.289308176100629,
    "receivedKBytesPerSec" : 14.372051886792452,
    "sentKBytesPerSec" : 3.1262283805031448
  },
  "https://www.toptal.com/enterprise-7" : {
    "transaction" : "https://www.toptal.com/enterprise-7",
    "sampleCount" : 1,
    "errorCount" : 0,
    "errorPct" : 0.0,
    "meanResTime" : 632.0,
    "minResTime" : 632.0,
    "maxResTime" : 632.0,
    "pct1ResTime" : 632.0,
    "pct2ResTime" : 632.0,
    "pct3ResTime" : 632.0,
    "throughput" : 1.5822784810126582,
    "receivedKBytesPerSec" : 7.8279519382911396,
    "sentKBytesPerSec" : 0.7540545886075949
  },
  "https://www.toptal.com/enterprise-4" : {
    "transaction" : "https://www.toptal.com/enterprise-4",
    "sampleCount" : 1,
    "errorCount" : 0,
    "errorPct" : 0.0,
    "meanResTime" : 1004.0,
    "minResTime" : 1004.0,
    "maxResTime" : 1004.0,
    "pct1ResTime" : 1004.0,
    "pct2ResTime" : 1004.0,
    "pct3ResTime" : 1004.0,
    "throughput" : 0.9960159362549801,
    "receivedKBytesPerSec" : 123.85808329183267,
    "sentKBytesPerSec" : 0.47563651643426297
  },
  "https://www.toptal.com/enterprise-5" : {
    "transaction" : "https://www.toptal.com/enterprise-5",
    "sampleCount" : 1,
    "errorCount" : 0,
    "errorPct" : 0.0,
    "meanResTime" : 819.0,
    "minResTime" : 819.0,
    "maxResTime" : 819.0,
    "pct1ResTime" : 819.0,
    "pct2ResTime" : 819.0,
    "pct3ResTime" : 819.0,
    "throughput" : 1.221001221001221,
    "receivedKBytesPerSec" : 53.94106761294262,
    "sentKBytesPerSec" : 0.5997691544566545
  },
  "https://www.toptal.com/enterprise-15" : {
    "transaction" : "https://www.toptal.com/enterprise-15",
    "sampleCount" : 1,
    "errorCount" : 0,
    "errorPct" : 0.0,
    "meanResTime" : 163.0,
    "minResTime" : 163.0,
    "maxResTime" : 163.0,
    "pct1ResTime" : 163.0,
    "pct2ResTime" : 163.0,
    "pct3ResTime" : 163.0,
    "throughput" : 6.134969325153374,
    "receivedKBytesPerSec" : 5.254265720858895,
    "sentKBytesPerSec" : 2.989599309815951
  },
  "https://www.toptal.com/enterprise-16" : {
    "transaction" : "https://www.toptal.com/enterprise-16",
    "sampleCount" : 1,
    "errorCount" : 0,
    "errorPct" : 0.0,
    "meanResTime" : 159.0,
    "minResTime" : 159.0,
    "maxResTime" : 159.0,
    "pct1ResTime" : 159.0,
    "pct2ResTime" : 159.0,
    "pct3ResTime" : 159.0,
    "throughput" : 6.289308176100629,
    "receivedKBytesPerSec" : 6.375294811320755,
    "sentKBytesPerSec" : 3.0463836477987423
  },
  "https://www.toptal.com/enterprise-8" : {
    "transaction" : "https://www.toptal.com/enterprise-8",
    "sampleCount" : 1,
    "errorCount" : 0,
    "errorPct" : 0.0,
    "meanResTime" : 685.0,
    "minResTime" : 685.0,
    "maxResTime" : 685.0,
    "pct1ResTime" : 685.0,
    "pct2ResTime" : 685.0,
    "pct3ResTime" : 685.0,
    "throughput" : 1.4598540145985401,
    "receivedKBytesPerSec" : 5.617016423357664,
    "sentKBytesPerSec" : 0.6957116788321167
  },
  "https://www.toptal.com/enterprise-17" : {
    "transaction" : "https://www.toptal.com/enterprise-17",
    "sampleCount" : 1,
    "errorCount" : 0,
    "errorPct" : 0.0,
    "meanResTime" : 155.0,
    "minResTime" : 155.0,
    "maxResTime" : 155.0,
    "pct1ResTime" : 155.0,
    "pct2ResTime" : 155.0,
    "pct3ResTime" : 155.0,
    "throughput" : 6.451612903225806,
    "receivedKBytesPerSec" : 6.281502016129032,
    "sentKBytesPerSec" : 3.1313004032258065
  },
  "https://www.toptal.com/enterprise-9" : {
    "transaction" : "https://www.toptal.com/enterprise-9",
    "sampleCount" : 1,
    "errorCount" : 0,
    "errorPct" : 0.0,
    "meanResTime" : 883.0,
    "minResTime" : 883.0,
    "maxResTime" : 883.0,
    "pct1ResTime" : 883.0,
    "pct2ResTime" : 883.0,
    "pct3ResTime" : 883.0,
    "throughput" : 1.1325028312570782,
    "receivedKBytesPerSec" : 102.70495646942243,
    "sentKBytesPerSec" : 0.5452381795016987
  },
  "https://www.toptal.com/enterprise-18" : {
    "transaction" : "https://www.toptal.com/enterprise-18",
    "sampleCount" : 1,
    "errorCount" : 0,
    "errorPct" : 0.0,
    "meanResTime" : 356.0,
    "minResTime" : 356.0,
    "maxResTime" : 356.0,
    "pct1ResTime" : 356.0,
    "pct2ResTime" : 356.0,
    "pct3ResTime" : 356.0,
    "throughput" : 2.8089887640449436,
    "receivedKBytesPerSec" : 195.7596339536517,
    "sentKBytesPerSec" : 1.3880354634831462
  },
  "https://www.toptal.com/enterprise-11" : {
    "transaction" : "https://www.toptal.com/enterprise-11",
    "sampleCount" : 1,
    "errorCount" : 0,
    "errorPct" : 0.0,
    "meanResTime" : 688.0,
    "minResTime" : 688.0,
    "maxResTime" : 688.0,
    "pct1ResTime" : 688.0,
    "pct2ResTime" : 688.0,
    "pct3ResTime" : 688.0,
    "throughput" : 1.4534883720930232,
    "receivedKBytesPerSec" : 10.297908339389537,
    "sentKBytesPerSec" : 0.6784838299418605
  },
  "https://www.toptal.com/enterprise-12" : {
    "transaction" : "https://www.toptal.com/enterprise-12",
    "sampleCount" : 1,
    "errorCount" : 0,
    "errorPct" : 0.0,
    "meanResTime" : 629.0,
    "minResTime" : 629.0,
    "maxResTime" : 629.0,
    "pct1ResTime" : 629.0,
    "pct2ResTime" : 629.0,
    "pct3ResTime" : 629.0,
    "throughput" : 1.589825119236884,
    "receivedKBytesPerSec" : 8.711434320349762,
    "sentKBytesPerSec" : 0.7514407790143084
  },
  "https://www.toptal.com/enterprise-13" : {
    "transaction" : "https://www.toptal.com/enterprise-13",
    "sampleCount" : 1,
    "errorCount" : 0,
    "errorPct" : 0.0,
    "meanResTime" : 157.0,
    "minResTime" : 157.0,
    "maxResTime" : 157.0,
    "pct1ResTime" : 157.0,
    "pct2ResTime" : 157.0,
    "pct3ResTime" : 157.0,
    "throughput" : 6.369426751592357,
    "receivedKBytesPerSec" : 5.722531847133758,
    "sentKBytesPerSec" : 3.072750796178344
  },
  "https://www.toptal.com/enterprise-14" : {
    "transaction" : "https://www.toptal.com/enterprise-14",
    "sampleCount" : 1,
    "errorCount" : 0,
    "errorPct" : 0.0,
    "meanResTime" : 155.0,
    "minResTime" : 155.0,
    "maxResTime" : 155.0,
    "pct1ResTime" : 155.0,
    "pct2ResTime" : 155.0,
    "pct3ResTime" : 155.0,
    "throughput" : 6.451612903225806,
    "receivedKBytesPerSec" : 6.602822580645161,
    "sentKBytesPerSec" : 3.1060987903225805
  },
  "https://www.toptal.com/enterprise-30" : {
    "transaction" : "https://www.toptal.com/enterprise-30",
    "sampleCount" : 1,
    "errorCount" : 0,
    "errorPct" : 0.0,
    "meanResTime" : 351.0,
    "minResTime" : 351.0,
    "maxResTime" : 351.0,
    "pct1ResTime" : 351.0,
    "pct2ResTime" : 351.0,
    "pct3ResTime" : 351.0,
    "throughput" : 2.849002849002849,
    "receivedKBytesPerSec" : 259.32325053418805,
    "sentKBytesPerSec" : 1.4161547364672367
  },
  "https://www.toptal.com/enterprise-31" : {
    "transaction" : "https://www.toptal.com/enterprise-31",
    "sampleCount" : 1,
    "errorCount" : 0,
    "errorPct" : 0.0,
    "meanResTime" : 164.0,
    "minResTime" : 164.0,
    "maxResTime" : 164.0,
    "pct1ResTime" : 164.0,
    "pct2ResTime" : 164.0,
    "pct3ResTime" : 164.0,
    "throughput" : 6.097560975609756,
    "receivedKBytesPerSec" : 19.85280106707317,
    "sentKBytesPerSec" : 3.0249618902439024
  },
  "https://www.toptal.com/enterprise-32" : {
    "transaction" : "https://www.toptal.com/enterprise-32",
    "sampleCount" : 1,
    "errorCount" : 0,
    "errorPct" : 0.0,
    "meanResTime" : 241.0,
    "minResTime" : 241.0,
    "maxResTime" : 241.0,
    "pct1ResTime" : 241.0,
    "pct2ResTime" : 241.0,
    "pct3ResTime" : 241.0,
    "throughput" : 4.149377593360996,
    "receivedKBytesPerSec" : 325.3979188278008,
    "sentKBytesPerSec" : 2.074688796680498
  },
  "https://www.toptal.com/enterprise-26" : {
    "transaction" : "https://www.toptal.com/enterprise-26",
    "sampleCount" : 1,
    "errorCount" : 0,
    "errorPct" : 0.0,
    "meanResTime" : 361.0,
    "minResTime" : 361.0,
    "maxResTime" : 361.0,
    "pct1ResTime" : 361.0,
    "pct2ResTime" : 361.0,
    "pct3ResTime" : 361.0,
    "throughput" : 2.770083102493075,
    "receivedKBytesPerSec" : 172.15633656509695,
    "sentKBytesPerSec" : 1.368810595567867
  },
  "https://www.toptal.com/enterprise-27" : {
    "transaction" : "https://www.toptal.com/enterprise-27",
    "sampleCount" : 1,
    "errorCount" : 0,
    "errorPct" : 0.0,
    "meanResTime" : 159.0,
    "minResTime" : 159.0,
    "maxResTime" : 159.0,
    "pct1ResTime" : 159.0,
    "pct2ResTime" : 159.0,
    "pct3ResTime" : 159.0,
    "throughput" : 6.289308176100629,
    "receivedKBytesPerSec" : 10.435092374213836,
    "sentKBytesPerSec" : 3.113944575471698
  },
  "https://www.toptal.com/enterprise-28" : {
    "transaction" : "https://www.toptal.com/enterprise-28",
    "sampleCount" : 1,
    "errorCount" : 0,
    "errorPct" : 0.0,
    "meanResTime" : 356.0,
    "minResTime" : 356.0,
    "maxResTime" : 356.0,
    "pct1ResTime" : 356.0,
    "pct2ResTime" : 356.0,
    "pct3ResTime" : 356.0,
    "throughput" : 2.8089887640449436,
    "receivedKBytesPerSec" : 193.09054599719101,
    "sentKBytesPerSec" : 1.4072375351123596
  },
  "https://www.toptal.com/enterprise-29" : {
    "transaction" : "https://www.toptal.com/enterprise-29",
    "sampleCount" : 1,
    "errorCount" : 0,
    "errorPct" : 0.0,
    "meanResTime" : 158.0,
    "minResTime" : 158.0,
    "maxResTime" : 158.0,
    "pct1ResTime" : 158.0,
    "pct2ResTime" : 158.0,
    "pct3ResTime" : 158.0,
    "throughput" : 6.329113924050633,
    "receivedKBytesPerSec" : 10.161194620253164,
    "sentKBytesPerSec" : 3.1212915348101267
  },
  "https://www.toptal.com/enterprise-22" : {
    "transaction" : "https://www.toptal.com/enterprise-22",
    "sampleCount" : 1,
    "errorCount" : 0,
    "errorPct" : 0.0,
    "meanResTime" : 341.0,
    "minResTime" : 341.0,
    "maxResTime" : 341.0,
    "pct1ResTime" : 341.0,
    "pct2ResTime" : 341.0,
    "pct3ResTime" : 341.0,
    "throughput" : 2.932551319648094,
    "receivedKBytesPerSec" : 172.35325788123166,
    "sentKBytesPerSec" : 1.4462289222873899
  },
  "https://www.toptal.com/enterprise-23" : {
    "transaction" : "https://www.toptal.com/enterprise-23",
    "sampleCount" : 1,
    "errorCount" : 0,
    "errorPct" : 0.0,
    "meanResTime" : 165.0,
    "minResTime" : 165.0,
    "maxResTime" : 165.0,
    "pct1ResTime" : 165.0,
    "pct2ResTime" : 165.0,
    "pct3ResTime" : 165.0,
    "throughput" : 6.0606060606060606,
    "receivedKBytesPerSec" : 30.598958333333332,
    "sentKBytesPerSec" : 3.0243844696969697
  },
  "https://www.toptal.com/enterprise-24" : {
    "transaction" : "https://www.toptal.com/enterprise-24",
    "sampleCount" : 1,
    "errorCount" : 0,
    "errorPct" : 0.0,
    "meanResTime" : 322.0,
    "minResTime" : 322.0,
    "maxResTime" : 322.0,
    "pct1ResTime" : 322.0,
    "pct2ResTime" : 322.0,
    "pct3ResTime" : 322.0,
    "throughput" : 3.105590062111801,
    "receivedKBytesPerSec" : 245.6539935947205,
    "sentKBytesPerSec" : 1.5436966226708073
  },
  "https://www.toptal.com/enterprise-25" : {
    "transaction" : "https://www.toptal.com/enterprise-25",
    "sampleCount" : 1,
    "errorCount" : 0,
    "errorPct" : 0.0,
    "meanResTime" : 156.0,
    "minResTime" : 156.0,
    "maxResTime" : 156.0,
    "pct1ResTime" : 156.0,
    "pct2ResTime" : 156.0,
    "pct3ResTime" : 156.0,
    "throughput" : 6.41025641025641,
    "receivedKBytesPerSec" : 15.919220753205128,
    "sentKBytesPerSec" : 3.180088141025641
  },
  "https://www.toptal.com/about-3" : {
    "transaction" : "https://www.toptal.com/about-3",
    "sampleCount" : 1,
    "errorCount" : 0,
    "errorPct" : 0.0,
    "meanResTime" : 603.0,
    "minResTime" : 603.0,
    "maxResTime" : 603.0,
    "pct1ResTime" : 603.0,
    "pct2ResTime" : 603.0,
    "pct3ResTime" : 603.0,
    "throughput" : 1.658374792703151,
    "receivedKBytesPerSec" : 0.9522699004975125,
    "sentKBytesPerSec" : 0.7482120646766169
  },
  "https://www.toptal.com/about-2" : {
    "transaction" : "https://www.toptal.com/about-2",
    "sampleCount" : 1,
    "errorCount" : 0,
    "errorPct" : 0.0,
    "meanResTime" : 242.0,
    "minResTime" : 242.0,
    "maxResTime" : 242.0,
    "pct1ResTime" : 242.0,
    "pct2ResTime" : 242.0,
    "pct3ResTime" : 242.0,
    "throughput" : 4.132231404958678,
    "receivedKBytesPerSec" : 0.6779442148760331,
    "sentKBytesPerSec" : 1.7796035640495869
  },
  "https://www.toptal.com/about-1" : {
    "transaction" : "https://www.toptal.com/about-1",
    "sampleCount" : 1,
    "errorCount" : 0,
    "errorPct" : 0.0,
    "meanResTime" : 631.0,
    "minResTime" : 631.0,
    "maxResTime" : 631.0,
    "pct1ResTime" : 631.0,
    "pct2ResTime" : 631.0,
    "pct3ResTime" : 631.0,
    "throughput" : 1.5847860538827259,
    "receivedKBytesPerSec" : 0.8682275158478605,
    "sentKBytesPerSec" : 0.7985835974643423
  },
  "https://www.toptal.com/about-0" : {
    "transaction" : "https://www.toptal.com/about-0",
    "sampleCount" : 1,
    "errorCount" : 0,
    "errorPct" : 0.0,
    "meanResTime" : 713.0,
    "minResTime" : 713.0,
    "maxResTime" : 713.0,
    "pct1ResTime" : 713.0,
    "pct2ResTime" : 713.0,
    "pct3ResTime" : 713.0,
    "throughput" : 1.402524544179523,
    "receivedKBytesPerSec" : 174.42529365357643,
    "sentKBytesPerSec" : 0.8669902699859748
  },
  "https://www.toptal.com/-21" : {
    "transaction" : "https://www.toptal.com/-21",
    "sampleCount" : 1,
    "errorCount" : 0,
    "errorPct" : 0.0,
    "meanResTime" : 1682.0,
    "minResTime" : 1682.0,
    "maxResTime" : 1682.0,
    "pct1ResTime" : 1682.0,
    "pct2ResTime" : 1682.0,
    "pct3ResTime" : 1682.0,
    "throughput" : 0.5945303210463733,
    "receivedKBytesPerSec" : 0.15095496432818073,
    "sentKBytesPerSec" : 0.2287548305588585
  },
  "https://www.toptal.com/about-7" : {
    "transaction" : "https://www.toptal.com/about-7",
    "sampleCount" : 1,
    "errorCount" : 0,
    "errorPct" : 0.0,
    "meanResTime" : 1029.0,
    "minResTime" : 1029.0,
    "maxResTime" : 1029.0,
    "pct1ResTime" : 1029.0,
    "pct2ResTime" : 1029.0,
    "pct3ResTime" : 1029.0,
    "throughput" : 0.9718172983479105,
    "receivedKBytesPerSec" : 133.90389637998058,
    "sentKBytesPerSec" : 0.4460489552964043
  },
  "https://www.toptal.com/about-6" : {
    "transaction" : "https://www.toptal.com/about-6",
    "sampleCount" : 1,
    "errorCount" : 0,
    "errorPct" : 0.0,
    "meanResTime" : 978.0,
    "minResTime" : 978.0,
    "maxResTime" : 978.0,
    "pct1ResTime" : 978.0,
    "pct2ResTime" : 978.0,
    "pct3ResTime" : 978.0,
    "throughput" : 1.0224948875255624,
    "receivedKBytesPerSec" : 123.76481818762781,
    "sentKBytesPerSec" : 0.47030770705521474
  },
  "https://www.toptal.com/" : {
    "transaction" : "https://www.toptal.com/",
    "sampleCount" : 1,
    "errorCount" : 0,
    "errorPct" : 0.0,
    "meanResTime" : 6711.0,
    "minResTime" : 6711.0,
    "maxResTime" : 6711.0,
    "pct1ResTime" : 6711.0,
    "pct2ResTime" : 6711.0,
    "pct3ResTime" : 6711.0,
    "throughput" : 0.14900908955446282,
    "receivedKBytesPerSec" : 141.7718170261511,
    "sentKBytesPerSec" : 1.4147132506332887
  },
  "https://www.toptal.com/about-5" : {
    "transaction" : "https://www.toptal.com/about-5",
    "sampleCount" : 1,
    "errorCount" : 0,
    "errorPct" : 0.0,
    "meanResTime" : 1032.0,
    "minResTime" : 1032.0,
    "maxResTime" : 1032.0,
    "pct1ResTime" : 1032.0,
    "pct2ResTime" : 1032.0,
    "pct3ResTime" : 1032.0,
    "throughput" : 0.9689922480620154,
    "receivedKBytesPerSec" : 150.51742671996124,
    "sentKBytesPerSec" : 0.4409671753875969
  },
  "https://www.toptal.com/about-4" : {
    "transaction" : "https://www.toptal.com/about-4",
    "sampleCount" : 1,
    "errorCount" : 0,
    "errorPct" : 0.0,
    "meanResTime" : 631.0,
    "minResTime" : 631.0,
    "maxResTime" : 631.0,
    "pct1ResTime" : 631.0,
    "pct2ResTime" : 631.0,
    "pct3ResTime" : 631.0,
    "throughput" : 1.5847860538827259,
    "receivedKBytesPerSec" : 18.495877080031697,
    "sentKBytesPerSec" : 0.6623910459587956
  },
  "https://www.toptal.com/about-9" : {
    "transaction" : "https://www.toptal.com/about-9",
    "sampleCount" : 1,
    "errorCount" : 0,
    "errorPct" : 0.0,
    "meanResTime" : 1253.0,
    "minResTime" : 1253.0,
    "maxResTime" : 1253.0,
    "pct1ResTime" : 1253.0,
    "pct2ResTime" : 1253.0,
    "pct3ResTime" : 1253.0,
    "throughput" : 0.7980845969672786,
    "receivedKBytesPerSec" : 110.65785863926577,
    "sentKBytesPerSec" : 0.36864649840383085
  },
  "https://www.toptal.com/about-8" : {
    "transaction" : "https://www.toptal.com/about-8",
    "sampleCount" : 1,
    "errorCount" : 0,
    "errorPct" : 0.0,
    "meanResTime" : 1418.0,
    "minResTime" : 1418.0,
    "maxResTime" : 1418.0,
    "pct1ResTime" : 1418.0,
    "pct2ResTime" : 1418.0,
    "pct3ResTime" : 1418.0,
    "throughput" : 0.7052186177715092,
    "receivedKBytesPerSec" : 145.79568494358253,
    "sentKBytesPerSec" : 0.3223069464033851
  },
  "https://www.toptal.com/about" : {
    "transaction" : "https://www.toptal.com/about",
    "sampleCount" : 1,
    "errorCount" : 0,
    "errorPct" : 0.0,
    "meanResTime" : 4344.0,
    "minResTime" : 4344.0,
    "maxResTime" : 4344.0,
    "pct1ResTime" : 4344.0,
    "pct2ResTime" : 4344.0,
    "pct3ResTime" : 4344.0,
    "throughput" : 0.2302025782688766,
    "receivedKBytesPerSec" : 487.69495280847144,
    "sentKBytesPerSec" : 2.6533994446362796
  },
  "https://www.toptal.com/-18" : {
    "transaction" : "https://www.toptal.com/-18",
    "sampleCount" : 1,
    "errorCount" : 0,
    "errorPct" : 0.0,
    "meanResTime" : 734.0,
    "minResTime" : 734.0,
    "maxResTime" : 734.0,
    "pct1ResTime" : 734.0,
    "pct2ResTime" : 734.0,
    "pct3ResTime" : 734.0,
    "throughput" : 1.3623978201634876,
    "receivedKBytesPerSec" : 14.845346559945504,
    "sentKBytesPerSec" : 0.5454913147138964
  },
  "https://www.toptal.com/-19" : {
    "transaction" : "https://www.toptal.com/-19",
    "sampleCount" : 1,
    "errorCount" : 0,
    "errorPct" : 0.0,
    "meanResTime" : 872.0,
    "minResTime" : 872.0,
    "maxResTime" : 872.0,
    "pct1ResTime" : 872.0,
    "pct2ResTime" : 872.0,
    "pct3ResTime" : 872.0,
    "throughput" : 1.146788990825688,
    "receivedKBytesPerSec" : 78.53040782683486,
    "sentKBytesPerSec" : 0.43004587155963303
  },
  "https://www.toptal.com/-10" : {
    "transaction" : "https://www.toptal.com/-10",
    "sampleCount" : 1,
    "errorCount" : 0,
    "errorPct" : 0.0,
    "meanResTime" : 623.0,
    "minResTime" : 623.0,
    "maxResTime" : 623.0,
    "pct1ResTime" : 623.0,
    "pct2ResTime" : 623.0,
    "pct3ResTime" : 623.0,
    "throughput" : 1.6051364365971108,
    "receivedKBytesPerSec" : 8.942679073033707,
    "sentKBytesPerSec" : 0.7241924157303371
  },
  "https://www.toptal.com/-11" : {
    "transaction" : "https://www.toptal.com/-11",
    "sampleCount" : 1,
    "errorCount" : 0,
    "errorPct" : 0.0,
    "meanResTime" : 640.0,
    "minResTime" : 640.0,
    "maxResTime" : 640.0,
    "pct1ResTime" : 640.0,
    "pct2ResTime" : 640.0,
    "pct3ResTime" : 640.0,
    "throughput" : 1.5625,
    "receivedKBytesPerSec" : 9.1644287109375,
    "sentKBytesPerSec" : 0.70648193359375
  },
  "https://www.toptal.com/-12" : {
    "transaction" : "https://www.toptal.com/-12",
    "sampleCount" : 1,
    "errorCount" : 0,
    "errorPct" : 0.0,
    "meanResTime" : 642.0,
    "minResTime" : 642.0,
    "maxResTime" : 642.0,
    "pct1ResTime" : 642.0,
    "pct2ResTime" : 642.0,
    "pct3ResTime" : 642.0,
    "throughput" : 1.557632398753894,
    "receivedKBytesPerSec" : 10.657004478193146,
    "sentKBytesPerSec" : 0.7134078076323987
  },
  "https://www.toptal.com/-13" : {
    "transaction" : "https://www.toptal.com/-13",
    "sampleCount" : 1,
    "errorCount" : 0,
    "errorPct" : 0.0,
    "meanResTime" : 162.0,
    "minResTime" : 162.0,
    "maxResTime" : 162.0,
    "pct1ResTime" : 162.0,
    "pct2ResTime" : 162.0,
    "pct3ResTime" : 162.0,
    "throughput" : 6.172839506172839,
    "receivedKBytesPerSec" : 20.85744598765432,
    "sentKBytesPerSec" : 2.8573495370370368
  },
  "https://www.toptal.com/-14" : {
    "transaction" : "https://www.toptal.com/-14",
    "sampleCount" : 1,
    "errorCount" : 0,
    "errorPct" : 0.0,
    "meanResTime" : 159.0,
    "minResTime" : 159.0,
    "maxResTime" : 159.0,
    "pct1ResTime" : 159.0,
    "pct2ResTime" : 159.0,
    "pct3ResTime" : 159.0,
    "throughput" : 6.289308176100629,
    "receivedKBytesPerSec" : 13.788571147798741,
    "sentKBytesPerSec" : 2.862126572327044
  },
  "https://www.toptal.com/community-13" : {
    "transaction" : "https://www.toptal.com/community-13",
    "sampleCount" : 1,
    "errorCount" : 0,
    "errorPct" : 0.0,
    "meanResTime" : 127.0,
    "minResTime" : 127.0,
    "maxResTime" : 127.0,
    "pct1ResTime" : 127.0,
    "pct2ResTime" : 127.0,
    "pct3ResTime" : 127.0,
    "throughput" : 7.874015748031496,
    "receivedKBytesPerSec" : 7.243479330708661,
    "sentKBytesPerSec" : 3.2680241141732282
  },
  "https://www.toptal.com/-15" : {
    "transaction" : "https://www.toptal.com/-15",
    "sampleCount" : 1,
    "errorCount" : 0,
    "errorPct" : 0.0,
    "meanResTime" : 888.0,
    "minResTime" : 888.0,
    "maxResTime" : 888.0,
    "pct1ResTime" : 888.0,
    "pct2ResTime" : 888.0,
    "pct3ResTime" : 888.0,
    "throughput" : 1.1261261261261262,
    "receivedKBytesPerSec" : 7.667335304054054,
    "sentKBytesPerSec" : 0.43549408783783783
  },
  "https://www.toptal.com/community-14" : {
    "transaction" : "https://www.toptal.com/community-14",
    "sampleCount" : 1,
    "errorCount" : 0,
    "errorPct" : 0.0,
    "meanResTime" : 1042.0,
    "minResTime" : 1042.0,
    "maxResTime" : 1042.0,
    "pct1ResTime" : 1042.0,
    "pct2ResTime" : 1042.0,
    "pct3ResTime" : 1042.0,
    "throughput" : 0.9596928982725528,
    "receivedKBytesPerSec" : 0.1921260196737044,
    "sentKBytesPerSec" : 0.4161168426103647
  },
  "https://www.toptal.com/-16" : {
    "transaction" : "https://www.toptal.com/-16",
    "sampleCount" : 1,
    "errorCount" : 0,
    "errorPct" : 0.0,
    "meanResTime" : 770.0,
    "minResTime" : 770.0,
    "maxResTime" : 770.0,
    "pct1ResTime" : 770.0,
    "pct2ResTime" : 770.0,
    "pct3ResTime" : 770.0,
    "throughput" : 1.2987012987012987,
    "receivedKBytesPerSec" : 109.24436891233766,
    "sentKBytesPerSec" : 0.4958908279220779
  },
  "https://www.toptal.com/community-11" : {
    "transaction" : "https://www.toptal.com/community-11",
    "sampleCount" : 1,
    "errorCount" : 0,
    "errorPct" : 0.0,
    "meanResTime" : 964.0,
    "minResTime" : 964.0,
    "maxResTime" : 964.0,
    "pct1ResTime" : 964.0,
    "pct2ResTime" : 964.0,
    "pct3ResTime" : 964.0,
    "throughput" : 1.037344398340249,
    "receivedKBytesPerSec" : 132.563294216805,
    "sentKBytesPerSec" : 0.420408130186722
  },
  "https://www.toptal.com/-17" : {
    "transaction" : "https://www.toptal.com/-17",
    "sampleCount" : 1,
    "errorCount" : 0,
    "errorPct" : 0.0,
    "meanResTime" : 1277.0,
    "minResTime" : 1277.0,
    "maxResTime" : 1277.0,
    "pct1ResTime" : 1277.0,
    "pct2ResTime" : 1277.0,
    "pct3ResTime" : 1277.0,
    "throughput" : 0.7830853563038371,
    "receivedKBytesPerSec" : 293.4184122944401,
    "sentKBytesPerSec" : 0.31354003523884105
  },
  "https://www.toptal.com/community-12" : {
    "transaction" : "https://www.toptal.com/community-12",
    "sampleCount" : 1,
    "errorCount" : 0,
    "errorPct" : 0.0,
    "meanResTime" : 376.0,
    "minResTime" : 376.0,
    "maxResTime" : 376.0,
    "pct1ResTime" : 376.0,
    "pct2ResTime" : 376.0,
    "pct3ResTime" : 376.0,
    "throughput" : 2.6595744680851063,
    "receivedKBytesPerSec" : 1.321995511968085,
    "sentKBytesPerSec" : 1.127202460106383
  },
  "https://www.toptal.com/community-10" : {
    "transaction" : "https://www.toptal.com/community-10",
    "sampleCount" : 1,
    "errorCount" : 0,
    "errorPct" : 0.0,
    "meanResTime" : 605.0,
    "minResTime" : 605.0,
    "maxResTime" : 605.0,
    "pct1ResTime" : 605.0,
    "pct2ResTime" : 605.0,
    "pct3ResTime" : 605.0,
    "throughput" : 1.6528925619834711,
    "receivedKBytesPerSec" : 0.9491219008264463,
    "sentKBytesPerSec" : 0.7182980371900827
  },
  "https://www.toptal.com/-20" : {
    "transaction" : "https://www.toptal.com/-20",
    "sampleCount" : 1,
    "errorCount" : 0,
    "errorPct" : 0.0,
    "meanResTime" : 559.0,
    "minResTime" : 559.0,
    "maxResTime" : 559.0,
    "pct1ResTime" : 559.0,
    "pct2ResTime" : 559.0,
    "pct3ResTime" : 559.0,
    "throughput" : 1.7889087656529516,
    "receivedKBytesPerSec" : 2.0492089669051876,
    "sentKBytesPerSec" : 0.6341541815742396
  },
  "Total" : {
    "transaction" : "Total",
    "sampleCount" : 202,
    "errorCount" : 0,
    "errorPct" : 0.0,
    "meanResTime" : 682.1435643564357,
    "minResTime" : 127.0,
    "maxResTime" : 6711.0,
    "pct1ResTime" : 1101.1000000000008,
    "pct2ResTime" : 1413.0499999999997,
    "pct3ResTime" : 5292.019999999999,
    "throughput" : 3.059539857322448,
    "receivedKBytesPerSec" : 201.45771584807568,
    "sentKBytesPerSec" : 2.745625222460355
  }
}